id_envio,id_ruta,id_vehiculo,peso_kg,volumen_m3,estado,tipo_carga_norm,origen,destino,distancia_km,tiempo_estimado_hrs,tipo_via,peaje_total,tipo,capacidad_kg,capacidad_m3,año_fabricacion,estado_vehiculo,km_recorridos,dias_en_transito,eficiencia_peso,eficiencia_volumen,costo_por_km,mes_envio,dia_semana_envio,trimestre_envio
1.0,13,46.0,12675.8,28.48,Entregado,Peligrosa,San Fernando,Santiago,762.6,19.0,Autopista,7901.0,Camión,10000.0,20.5,2022.0,En Mantención,17043.0,4.0,1.26758,1.389268292682927,10.360608444794124,1.0,6.0,1.0
2.0,3,27.0,13.6,24.93,Entregado,Peligrosa,Rancagua,Rengo,679.6,18.4,Urbana,2447.0,Van,1000.0,22.1,2010.0,Operativo,88004.0,4.0,0.0136,1.128054298642534,3.6006474396703942,1.0,6.0,1.0
3.0,73,18.0,2536.0,50.55,Entregado,Refrigerada,Maipú,Santiago,468.4,5.2,Ruta Nacional,11768.0,Furgón,20000.0,38.9,2023.0,En Mantención,243705.0,4.0,0.1268,1.2994858611825193,25.123825789923146,1.0,0.0,1.0
4.0,49,45.0,466.0,13.88,En Tránsito,Peligrosa,Las Condes,Osorno,1642.4,18.9,Ruta Nacional,7202.0,Van,1000.0,25.3,2015.0,Operativo,235075.0,4.0,0.466,0.5486166007905139,4.385046273745738,1.0,1.0,1.0
5.0,17,36.0,4928.9,0.44,Retrasado,Refrigerada,Maipú,Rancagua,1556.6,17.9,Autopista,3799.0,Camioneta,5000.0,49.1,2023.0,Operativo,138259.0,4.0,0.98578,0.0089613034623217,2.4405756135166388,1.0,1.0,1.0
7.0,55,51.0,1463.3,12.23,Entregado,General,Viña del Mar,Viña del Mar,669.1,3.0,Autopista,13286.0,Van,10000.0,47.4,2024.0,Operativo,219137.0,4.0,0.14633,0.2580168776371308,19.85652368853684,1.0,3.0,1.0
8.0,23,27.0,9100.1,53.42,Entregado,Peligrosa,Chillán,Valparaíso,1884.9,16.5,Autopista,9906.0,Van,1000.0,22.1,2010.0,Operativo,88004.0,4.0,9.1001,2.4171945701357465,5.255451217571224,1.0,4.0,1.0
9.0,34,9.0,6777.9,51.56,Entregado,Refrigerada,Ovalle,Rancagua,1824.2,11.7,Urbana,3064.0,Van,5000.0,39.1,2022.0,Fuera De Servicio,77965.0,4.0,1.35558,1.3186700767263426,1.6796403903080803,1.0,4.0,1.0
10.0,69,55.0,14077.6,4.7,Entregado,Perecible,Cauquenes,San Antonio,1702.3,3.0,Urbana,10084.0,Furgón,5000.0,55.5,2021.0,En Mantención,398945.0,4.0,2.81552,0.0846846846846847,5.923750220290196,1.0,5.0,1.0
11.0,13,39.0,18466.0,6.47,En Tránsito,Perecible,San Fernando,Santiago,762.6,19.0,Autopista,7901.0,Furgón,5000.0,38.1,2018.0,Operativo,235075.0,4.0,1.105755,0.8255102040816326,10.360608444794124,1.0,6.0,1.0
12.0,47,1.0,7468.85,29.76,En Tránsito,Peligrosa,San Fernando,La Serena,29.6,3.2,Autopista,8950.0,Camioneta,20000.0,49.2,2018.0,Operativo,267419.0,4.0,1.105755,0.6048780487804878,302.36486486486484,1.0,0.0,1.0
13.0,3,7.0,452.8,36.59,Devuelto,General,Rancagua,Rengo,679.6,18.4,Urbana,2447.0,Furgón,10000.0,48.7,2022.0,Operativo,235075.0,4.0,0.04528,0.7513347022587269,3.6006474396703942,1.0,0.0,1.0
14.0,28,13.0,6514.7,16.57,Cancelado,General,Las Condes,San Antonio,550.1,6.7,Ruta Nacional,10017.0,Furgón,5000.0,38.1,2018.0,Operativo,235075.0,4.0,1.105755,0.8255102040816326,18.209416469732776,1.0,1.0,1.0
16.0,4,52.0,13049.9,35.74,Entregado,Peligrosa,Temuco,Santiago,1182.4,9.6,Autopista,3738.0,Semi-Remolque,5000.0,69.4,2013.0,En Mantención,171940.0,5.0,2.60998,0.514985590778098,3.1613667117726654,1.0,2.0,1.0
17.0,31,7.0,9078.1,19.56,Devuelto,Perecible,Castro,Concepción,883.7,12.7,Ruta Nacional,11863.0,Furgón,10000.0,48.7,2022.0,Operativo,235075.0,4.0,0.90781,0.4016427104722792,13.424238995134097,1.0,3.0,1.0
18.0,45,8.0,9215.2,1.62,Entregado,Refrigerada,Ovalle,Quilpué,1876.7,13.5,Autopista,521.0,Furgón,5000.0,38.1,2018.0,Operativo,235075.0,4.0,1.105755,0.8255102040816326,0.2776149624340597,1.0,4.0,1.0
19.0,59,16.0,7983.3,45.03,Entregado,Refrigerada,Temuco,Santiago,1070.4,3.5,Autopista,2117.0,Camioneta,1000.0,78.5,2020.0,Fuera De Servicio,115935.0,4.0,7.9833,0.5736305732484076,1.977765321375187,1.0,5.0,1.0
20.0,45,3.0,1386.8,12.96,Entregado,Frágil,Ovalle,Quilpué,1876.7,13.5,Autopista,521.0,Camión,10000.0,69.4,2012.0,En Mantención,478395.0,4.0,0.13868,0.1867435158501441,0.2776149624340597,1.0,5.0,1.0
21.0,75,45.0,6680.8,50.08,En Tránsito,Peligrosa,Coquimbo,Santiago,277.6,12.2,Camino Rural,7813.0,Van,1000.0,25.3,2015.0,Operativo,235075.0,4.0,6.6808000000000005,1.9794466403162048,28.144812680115272,1.0,6.0,1.0
23.0,65,50.0,12530.1,34.67,Entregado,Perecible,Desconocido,Puente Alto,1787.0,22.5,Urbana,7202.0,Furgón,5000.0,56.7,2017.0,En Mantención,443858.0,4.0,1.105755,0.6114638447971781,6.885564797424202,1.0,1.0,1.0
24.0,9,7.0,13403.0,52.39,En Tránsito,Frágil,Osorno,Osorno,1555.3,5.1,Ruta Nacional,7202.0,Furgón,10000.0,48.7,2022.0,Operativo,235075.0,4.0,1.3403,1.075770020533881,6.885564797424202,1.0,1.0,1.0
25.0,17,21.0,12350.2,51.83,En Tránsito,Perecible,Maipú,Rancagua,1556.6,17.9,Autopista,3799.0,Semi-Remolque,5000.0,63.2,2024.0,Fuera De Servicio,154854.0,4.0,1.105755,0.8200949367088607,2.4405756135166388,1.0,2.0,1.0
27.0,13,37.0,3419.4,12.61,Entregado,Frágil,San Fernando,Santiago,762.6,19.0,Autopista,7901.0,Semi-Remolque,5000.0,9.8,2019.0,Operativo,40916.0,5.0,0.68388,1.2867346938775508,10.360608444794124,1.0,3.0,1.0
28.0,26,31.0,56.8,46.53,Entregado,Refrigerada,Rancagua,Los Ángeles,1490.8,8.4,Autopista,10265.0,Camioneta,3000.0,13.8,2013.0,Operativo,230010.0,4.0,0.0189333333333333,3.3717391304347823,6.885564797424202,1.0,4.0,1.0
30.0,31,13.0,1638.0,11.6,Entregado,General,Castro,Concepción,883.7,12.7,Ruta Nacional,11863.0,Furgón,5000.0,38.1,2018.0,Operativo,235075.0,4.0,1.105755,0.8255102040816326,13.424238995134097,1.0,6.0,1.0
32.0,23,13.0,10160.1,11.97,Retrasado,Peligrosa,Chillán,Valparaíso,1884.9,16.5,Autopista,9906.0,Furgón,5000.0,38.1,2018.0,Operativo,235075.0,4.0,1.105755,0.8255102040816326,5.255451217571224,1.0,0.0,1.0
33.0,30,22.0,13118.8,1.65,Entregado,Perecible,Linares,San Fernando,1424.9,1.3,Autopista,5861.0,Van,10000.0,47.8,2020.0,Operativo,386924.0,4.0,1.31188,0.0345188284518828,4.113271106744333,1.0,1.0,1.0
35.0,72,57.0,14079.4,37.38,Entregado,Refrigerada,Temuco,Las Condes,751.5,15.8,Urbana,6554.0,Camión,5000.0,57.1,2016.0,Operativo,110804.0,5.0,2.81588,0.6546409807355517,8.721224218230207,1.0,2.0,1.0
36.0,64,27.0,817.9,39.73,En Tránsito,Perecible,La Serena,Curicó,1480.2,17.5,Urbana,10844.0,Van,1000.0,22.1,2010.0,Operativo,88004.0,4.0,0.8179,1.7977375565610858,7.32603702202405,1.0,3.0,1.0
37.0,22,54.0,192.6,18.73,En Tránsito,Perecible,Castro,Talca,919.3,23.7,Urbana,4921.0,Van,5000.0,63.9,2020.0,Operativo,295428.0,4.0,0.03852,0.2931142410015649,5.352985967584032,1.0,4.0,1.0
39.0,56,4.0,4347.4,20.44,Entregado,General,Quilpué,Puente Alto,572.2,17.1,Camino Rural,9738.0,Camioneta,1000.0,49.2,2017.0,Operativo,13823.0,4.0,4.3474,0.4154471544715447,17.018524991261796,1.0,5.0,1.0
40.0,74,24.0,3810.0,40.84,Retrasado,Frágil,Coquimbo,Puerto Montt,1126.4,6.1,Urbana,1399.0,Van,10000.0,16.2,2012.0,Operativo,337731.0,4.0,0.381,2.520987654320988,1.242009943181818,1.0,6.0,1.0
41.0,20,23.0,4970.0,30.58,Entregado,Refrigerada,Viña del Mar,Santiago,1071.6,14.5,Ruta Nacional,737.0,Camión,1000.0,62.1,2024.0,Operativo,397688.0,4.0,4.97,0.8255102040816326,0.6877566256065697,1.0,0.0,1.0
42.0,47,13.0,7468.85,55.75,En Tránsito,Refrigerada,San Fernando,La Serena,29.6,3.2,Autopista,8950.0,Furgón,5000.0,38.1,2018.0,Operativo,235075.0,5.0,1.105755,0.8255102040816326,302.36486486486484,1.0,0.0,1.0
44.0,53,42.0,6607.8,30.58,Entregado,Peligrosa,Temuco,Coquimbo,1433.7,5.1,Autopista,7421.0,Furgón,20000.0,6.7,2016.0,Operativo,456799.0,4.0,0.33039,0.8255102040816326,5.17611773732301,2.0,2.0,1.0
45.0,1,3.0,7468.85,10.37,Devuelto,Frágil,La Florida,Pucón,420.3,6.3,Camino Rural,13931.0,Camión,10000.0,69.4,2012.0,En Mantención,478395.0,4.0,1.105755,0.1494236311239193,33.14537235308113,2.0,3.0,1.0
48.0,19,28.0,3777.1,4.94,Entregado,Peligrosa,Puerto Montt,Talca,1625.7,19.9,Urbana,1526.0,Semi-Remolque,5000.0,5.9,2021.0,Operativo,32072.0,4.0,1.105755,0.8372881355932204,0.938672571815218,2.0,5.0,1.0
50.0,78,31.0,5248.6,51.54,En Tránsito,Perecible,Osorno,La Florida,824.4,5.2,Urbana,14342.0,Camioneta,3000.0,13.8,2013.0,Operativo,230010.0,5.0,1.7495333333333334,3.734782608695652,17.39689471130519,2.0,6.0,1.0
52.0,12,49.0,7468.85,42.17,Retrasado,General,Cauquenes,Los Ángeles,1225.7,3.4,Autopista,4699.0,Camión,20000.0,18.5,2018.0,Operativo,311037.0,4.0,1.105755,2.2794594594594595,3.833727665823611,2.0,1.0,1.0
53.0,26,22.0,10006.9,33.47,Entregado,General,Rancagua,Los Ángeles,1490.8,8.4,Autopista,10265.0,Van,10000.0,47.8,2020.0,Operativo,386924.0,5.0,1.00069,0.7002092050209205,6.885564797424202,2.0,1.0,1.0
54.0,27,30.0,3518.1,51.19,Entregado,Refrigerada,Chillán,Pucón,1613.5,3.0,Ruta Nacional,5399.0,Camión,1000.0,28.2,2021.0,Fuera De Servicio,235075.0,5.0,3.5181,1.8152482269503545,3.34614192748683,2.0,2.0,1.0
56.0,15,21.0,8564.6,31.47,Retrasado,General,Talcahuano,Puerto Montt,1750.1,11.8,Autopista,1666.0,Semi-Remolque,5000.0,63.2,2024.0,Fuera De Servicio,154854.0,4.0,1.105755,0.4979430379746835,0.9519456031083938,2.0,4.0,1.0
58.0,1,53.0,8254.2,21.3,Entregado,Refrigerada,La Florida,Pucón,420.3,6.3,Camino Rural,13931.0,Camioneta,20000.0,13.8,2022.0,Operativo,298453.0,4.0,0.41271,1.5434782608695652,33.14537235308113,2.0,5.0,1.0
60.0,57,38.0,8486.2,10.04,Entregado,Peligrosa,Villarrica,La Serena,1114.8,12.2,Autopista,2453.0,Camioneta,5000.0,69.7,2015.0,Operativo,37268.0,4.0,1.69724,0.1440459110473457,2.200394689630427,2.0,0.0,1.0
61.0,3,12.0,10735.4,9.06,En Tránsito,Refrigerada,Rancagua,Rengo,679.6,18.4,Urbana,2447.0,Furgón,20000.0,23.1,2010.0,Operativo,282654.0,5.0,0.53677,0.3922077922077922,3.6006474396703942,2.0,0.0,1.0
62.0,18,13.0,1653.3,34.66,Entregado,Perecible,Ovalle,Santiago,545.4,7.8,Ruta Nacional,13638.0,Furgón,5000.0,38.1,2018.0,Operativo,235075.0,4.0,1.105755,0.8255102040816326,25.005500550055007,2.0,1.0,1.0
63.0,52,54.0,11246.9,39.48,Entregado,Peligrosa,San Fernando,Santiago,883.7,12.2,Autopista,7202.0,Van,5000.0,63.9,2020.0,Operativo,295428.0,4.0,2.24938,0.6178403755868545,6.885564797424202,2.0,2.0,1.0
65.0,34,20.0,1008.8,23.5,En Tránsito,Refrigerada,Ovalle,Rancagua,1824.2,11.7,Urbana,3064.0,Furgón,10000.0,8.6,2016.0,Operativo,263978.0,5.0,0.10088,2.732558139534884,1.6796403903080803,2.0,3.0,1.0
67.0,26,49.0,14355.3,14.87,Entregado,General,Rancagua,Los Ángeles,1490.8,8.4,Autopista,10265.0,Camión,20000.0,18.5,2018.0,Operativo,311037.0,4.0,0.717765,0.8037837837837838,6.885564797424202,2.0,5.0,1.0
68.0,72,42.0,915.9,40.13,En Tránsito,Frágil,Temuco,Las Condes,751.5,15.8,Urbana,6554.0,Furgón,20000.0,6.7,2016.0,Operativo,456799.0,5.0,0.0457949999999999,5.98955223880597,8.721224218230207,2.0,5.0,1.0
69.0,19,7.0,6654.4,44.43,En Tránsito,Peligrosa,Puerto Montt,Talca,1625.7,19.9,Urbana,1526.0,Furgón,10000.0,48.7,2022.0,Operativo,235075.0,5.0,0.6654399999999999,0.9123203285420944,0.938672571815218,2.0,6.0,1.0
70.0,22,29.0,7468.85,26.94,Devuelto,General,Castro,Talca,919.3,23.7,Urbana,4921.0,Camión,10000.0,14.8,2018.0,Fuera De Servicio,91015.0,4.0,1.105755,1.8202702702702704,5.352985967584032,2.0,0.0,1.0
71.0,33,48.0,7285.3,56.26,Entregado,Refrigerada,Las Condes,Osorno,1414.7,13.7,Urbana,10742.0,Furgón,10000.0,36.2,2021.0,Operativo,117009.0,4.0,0.72853,1.5541436464088396,7.593129285360853,2.0,1.0,1.0
72.0,38,29.0,12454.4,44.23,Entregado,Peligrosa,Pucón,Cauquenes,374.6,15.0,Urbana,2710.0,Camión,10000.0,14.8,2018.0,Fuera De Servicio,91015.0,5.0,1.24544,2.988513513513513,7.234383342231713,2.0,1.0,1.0
73.0,35,13.0,14259.7,27.53,Entregado,Peligrosa,Rancagua,Angol,1308.4,19.1,Autopista,3708.0,Van,5000.0,22.1,2015.0,Operativo,447261.0,5.0,2.8519400000000004,1.2457013574660634,2.8339957199633137,2.0,2.0,1.0
74.0,67,3.0,9517.4,34.2,Entregado,Frágil,Chillán,Puerto Montt,1065.6,1.0,Autopista,1914.0,Camión,10000.0,69.4,2012.0,En Mantención,478395.0,4.0,0.95174,0.4927953890489913,1.7961711711711714,2.0,3.0,1.0
75.0,10,13.0,5315.0,41.59,Retrasado,Refrigerada,Curicó,Curicó,1645.1,15.2,Urbana,6351.0,Furgón,5000.0,38.1,2018.0,Operativo,235075.0,4.0,1.105755,0.8255102040816326,3.860555589325877,2.0,4.0,1.0
76.0,15,16.0,9053.9,35.57,Entregado,Perecible,Talcahuano,Puerto Montt,1750.1,11.8,Autopista,1666.0,Camioneta,1000.0,78.5,2020.0,Fuera De Servicio,115935.0,5.0,9.0539,0.4531210191082802,0.9519456031083938,2.0,4.0,1.0
77.0,11,30.0,7468.85,52.73,Entregado,Frágil,La Serena,Rengo,128.4,16.6,Urbana,68.0,Camión,1000.0,28.2,2021.0,Fuera De Servicio,235075.0,4.0,1.105755,1.8698581560283687,0.5295950155763239,2.0,5.0,1.0
78.0,24,38.0,13648.3,21.48,Entregado,Frágil,Castro,Chillán,1776.8,12.2,Autopista,10956.0,Camioneta,5000.0,69.7,2015.0,Operativo,37268.0,4.0,2.72966,0.3081779053084648,6.166141377757767,2.0,6.0,1.0
80.0,4,45.0,8377.9,12.91,Entregado,Perecible,Temuco,Santiago,1182.4,9.6,Autopista,3738.0,Van,1000.0,25.3,2015.0,Operativo,235075.0,5.0,8.3779,0.5102766798418972,3.1613667117726654,2.0,0.0,1.0
81.0,13,7.0,4878.7,2.36,Entregado,Frágil,San Fernando,Santiago,762.6,19.0,Autopista,7901.0,Furgón,10000.0,48.7,2022.0,Operativo,235075.0,4.0,0.4878699999999999,0.0484599589322381,10.360608444794124,2.0,1.0,1.0
82.0,73,5.0,4407.9,2.68,Retrasado,Peligrosa,Maipú,Santiago,468.4,5.2,Ruta Nacional,11768.0,Semi-Remolque,3000.0,42.4,2010.0,Operativo,154526.0,4.0,1.4692999999999998,0.0632075471698113,25.123825789923146,3.0,2.0,1.0
83.0,57,56.0,510.9,52.22,Retrasado,General,Villarrica,La Serena,1114.8,12.2,Autopista,2453.0,Camioneta,10000.0,13.6,2014.0,Operativo,123259.0,5.0,0.0510899999999999,3.839705882352941,2.200394689630427,3.0,2.0,1.0
84.0,37,7.0,12239.2,40.74,Entregado,General,Viña del Mar,San Antonio,723.1,7.8,Urbana,1551.0,Furgón,10000.0,48.7,2022.0,Operativo,235075.0,5.0,1.22392,0.8365503080082135,2.144931544737934,3.0,3.0,1.0
86.0,13,32.0,4883.7,36.92,Cancelado,Peligrosa,San Fernando,Santiago,762.6,19.0,Autopista,7901.0,Camioneta,5000.0,78.9,2022.0,En Mantención,235075.0,4.0,0.97674,0.4679340937896071,10.360608444794124,3.0,5.0,1.0
89.0,12,30.0,1878.0,52.24,Retrasado,Refrigerada,Cauquenes,Los Ángeles,1225.7,3.4,Autopista,4699.0,Camión,1000.0,28.2,2021.0,Fuera De Servicio,235075.0,4.0,1.878,1.852482269503546,3.833727665823611,3.0,0.0,1.0
91.0,13,13.0,7468.85,55.61,Entregado,Refrigerada,San Fernando,Santiago,762.6,19.0,Autopista,7901.0,Furgón,5000.0,38.1,2018.0,Operativo,235075.0,5.0,1.105755,0.8255102040816326,10.360608444794124,3.0,1.0,1.0
92.0,44,60.0,14201.2,41.95,Entregado,Refrigerada,Ovalle,Santiago,799.5,1.4,Camino Rural,13523.0,Furgón,10000.0,15.6,2018.0,Operativo,235075.0,5.0,1.42012,2.6891025641025643,16.914321450906815,3.0,2.0,1.0
93.0,58,59.0,5968.3,15.5,En Tránsito,Frágil,Angol,San Fernando,1463.5,20.9,Ruta Nacional,505.0,Furgón,5000.0,75.9,2014.0,En Mantención,94179.0,4.0,1.19366,0.2042160737812911,0.3450632046463956,3.0,3.0,1.0
94.0,44,21.0,3264.9,33.89,Devuelto,Peligrosa,Ovalle,Santiago,799.5,1.4,Camino Rural,13523.0,Semi-Remolque,5000.0,63.2,2024.0,Fuera De Servicio,154854.0,5.0,1.105755,0.5362341772151898,16.914321450906815,3.0,3.0,1.0
95.0,78,28.0,5610.9,32.03,Entregado,Refrigerada,Osorno,La Florida,824.4,5.2,Urbana,14342.0,Semi-Remolque,5000.0,5.9,2021.0,Operativo,32072.0,5.0,1.105755,5.428813559322034,17.39689471130519,3.0,4.0,1.0
97.0,13,58.0,2650.5,35.52,Entregado,General,San Fernando,Santiago,762.6,19.0,Autopista,7901.0,Semi-Remolque,1000.0,38.1,2017.0,Operativo,79000.0,4.0,2.6505,0.9322834645669292,10.360608444794124,3.0,6.0,1.0
98.0,4,20.0,9112.9,18.96,Entregado,Refrigerada,Temuco,Santiago,1182.4,9.6,Autopista,3738.0,Furgón,10000.0,8.6,2016.0,Operativo,263978.0,5.0,0.91129,2.204651162790698,3.1613667117726654,3.0,6.0,1.0
100.0,16,5.0,12986.9,56.92,En Tránsito,Peligrosa,Santiago,San Antonio,1703.5,8.3,Autopista,6641.0,Semi-Remolque,3000.0,42.4,2010.0,Operativo,154526.0,4.0,4.328966666666666,1.3424528301886791,3.898444379219255,3.0,1.0,1.0
102.0,13,60.0,9661.6,52.63,Entregado,Refrigerada,San Fernando,Santiago,762.6,19.0,Autopista,7901.0,Furgón,10000.0,15.6,2018.0,Operativo,235075.0,5.0,0.96616,3.373717948717949,10.360608444794124,3.0,2.0,1.0
103.0,35,39.0,7468.85,40.6,Cancelado,Frágil,Rancagua,Angol,1308.4,19.1,Autopista,3708.0,Furgón,5000.0,38.1,2018.0,Operativo,235075.0,5.0,1.105755,0.8255102040816326,2.8339957199633137,3.0,3.0,1.0
104.0,6,13.0,11394.7,21.48,Devuelto,Peligrosa,San Fernando,Santiago,883.7,12.2,Autopista,7202.0,Furgón,5000.0,38.1,2018.0,Operativo,235075.0,4.0,1.105755,0.8255102040816326,6.885564797424202,3.0,4.0,1.0
105.0,19,57.0,13292.2,30.81,Entregado,Peligrosa,Puerto Montt,Talca,1625.7,19.9,Urbana,1526.0,Camión,5000.0,57.1,2016.0,Operativo,110804.0,5.0,2.65844,0.5395796847635727,0.938672571815218,3.0,4.0,1.0
107.0,53,11.0,13917.9,57.62,Entregado,General,Temuco,Coquimbo,1433.7,5.1,Autopista,7421.0,Van,20000.0,5.3,2017.0,Operativo,476196.0,5.0,0.6958949999999999,10.871698113207549,5.17611773732301,3.0,6.0,1.0
108.0,8,54.0,4996.5,30.58,En Tránsito,Refrigerada,Osorno,Quilpué,31.2,10.6,Autopista,14632.0,Van,5000.0,63.9,2020.0,Operativo,295428.0,4.0,0.9993,0.8255102040816326,468.974358974359,3.0,0.0,1.0
109.0,13,17.0,7553.1,52.51,Entregado,Perecible,San Fernando,Santiago,762.6,19.0,Autopista,7901.0,Furgón,10000.0,31.3,2014.0,Operativo,341278.0,5.0,0.75531,1.6776357827476038,10.360608444794124,3.0,0.0,1.0
110.0,13,48.0,221.1,55.45,Cancelado,Refrigerada,San Fernando,Santiago,762.6,19.0,Autopista,7901.0,Furgón,10000.0,36.2,2021.0,Operativo,117009.0,5.0,0.0221099999999999,1.531767955801105,10.360608444794124,3.0,1.0,1.0
111.0,67,45.0,114.3,40.26,Entregado,Perecible,Chillán,Puerto Montt,1065.6,1.0,Autopista,1914.0,Van,1000.0,25.3,2015.0,Operativo,235075.0,5.0,0.1143,1.5913043478260869,1.7961711711711714,3.0,2.0,1.0
113.0,29,37.0,1521.1,23.93,Entregado,Peligrosa,Ovalle,Pucón,948.5,20.2,Ruta Nacional,609.0,Semi-Remolque,5000.0,9.8,2019.0,Operativo,40916.0,5.0,0.30422,2.441836734693877,0.6420664206642066,3.0,3.0,1.0
115.0,23,48.0,2663.9,42.2,Entregado,General,Chillán,Valparaíso,1884.9,16.5,Autopista,9906.0,Furgón,10000.0,36.2,2021.0,Operativo,117009.0,4.0,0.26639,1.1657458563535912,5.255451217571224,3.0,5.0,1.0
116.0,46,60.0,7468.85,2.62,En Tránsito,Refrigerada,San Fernando,La Serena,314.7,12.2,Ruta Nacional,4798.0,Furgón,10000.0,15.6,2018.0,Operativo,235075.0,4.0,1.105755,0.1679487179487179,15.246266285351128,3.0,6.0,1.0
117.0,28,54.0,13640.5,54.42,Devuelto,Frágil,Las Condes,San Antonio,550.1,6.7,Ruta Nacional,10017.0,Van,5000.0,63.9,2020.0,Operativo,295428.0,5.0,2.7281,0.8516431924882629,18.209416469732776,3.0,6.0,1.0
119.0,10,48.0,11043.9,27.67,En Tránsito,General,Curicó,Curicó,1645.1,15.2,Urbana,6351.0,Furgón,10000.0,36.2,2021.0,Operativo,117009.0,4.0,1.10439,0.7643646408839779,3.860555589325877,3.0,1.0,1.0
120.0,47,48.0,2290.7,34.03,Entregado,Frágil,San Fernando,La Serena,29.6,3.2,Autopista,8950.0,Furgón,10000.0,36.2,2021.0,Operativo,117009.0,5.0,0.2290699999999999,0.9400552486187844,302.36486486486484,3.0,1.0,1.0
121.0,4,46.0,13684.3,30.58,Cancelado,Frágil,Temuco,Santiago,1182.4,9.6,Autopista,3738.0,Camión,10000.0,20.5,2022.0,En Mantención,17043.0,5.0,1.36843,0.8255102040816326,3.1613667117726654,3.0,2.0,1.0
122.0,55,6.0,7468.85,28.2,Devuelto,Perecible,Viña del Mar,Viña del Mar,669.1,3.0,Autopista,13286.0,Camión,1000.0,74.9,2017.0,Fuera De Servicio,145004.0,5.0,1.105755,0.3765020026702269,19.85652368853684,3.0,3.0,1.0
127.0,80,20.0,13168.7,25.0,Entregado,Refrigerada,Puerto Montt,Viña del Mar,235.8,1.8,Ruta Nacional,3117.0,Furgón,10000.0,8.6,2016.0,Operativo,263978.0,4.0,1.31687,2.906976744186047,13.21882951653944,4.0,0.0,2.0
128.0,31,13.0,13427.6,43.73,En Tránsito,General,Castro,Concepción,883.7,12.7,Ruta Nacional,11863.0,Van,5000.0,22.1,2015.0,Operativo,447261.0,5.0,2.68552,1.978733031674208,13.424238995134097,4.0,0.0,2.0
129.0,74,47.0,7468.85,47.95,Entregado,Refrigerada,Coquimbo,Puerto Montt,1126.4,6.1,Urbana,1399.0,Furgón,10000.0,54.1,2022.0,Operativo,191502.0,5.0,1.105755,0.8863216266173752,1.242009943181818,4.0,1.0,2.0
130.0,19,44.0,7468.85,56.72,Retrasado,Perecible,Puerto Montt,Talca,1625.7,19.9,Urbana,1526.0,Semi-Remolque,10000.0,31.05,2022.0,Operativo,306437.0,5.0,1.105755,1.826731078904992,0.938672571815218,4.0,2.0,2.0
131.0,28,41.0,13405.8,36.55,En Tránsito,Perecible,Las Condes,San Antonio,550.1,6.7,Ruta Nacional,10017.0,Furgón,5000.0,38.8,2014.0,Operativo,33259.0,5.0,1.105755,0.9420103092783504,18.209416469732776,4.0,2.0,2.0
132.0,28,32.0,4379.8,15.35,Entregado,Refrigerada,Las Condes,San Antonio,550.1,6.7,Ruta Nacional,10017.0,Camioneta,5000.0,78.9,2022.0,En Mantención,235075.0,5.0,0.8759600000000001,0.1945500633713561,18.209416469732776,4.0,3.0,2.0
133.0,19,26.0,8445.0,55.46,Entregado,Frágil,Puerto Montt,Talca,1625.7,19.9,Urbana,1526.0,Semi-Remolque,5000.0,24.0,2016.0,Operativo,347864.0,5.0,1.689,2.310833333333333,0.938672571815218,4.0,4.0,2.0
134.0,20,50.0,1505.0,46.54,Entregado,General,Viña del Mar,Santiago,1071.6,14.5,Ruta Nacional,737.0,Furgón,5000.0,56.7,2017.0,En Mantención,443858.0,4.0,1.105755,0.8208112874779541,0.6877566256065697,4.0,5.0,2.0
135.0,13,53.0,13830.1,34.51,En Tránsito,Frágil,San Fernando,Santiago,762.6,19.0,Autopista,7901.0,Camioneta,20000.0,13.8,2022.0,Operativo,298453.0,5.0,0.691505,2.500724637681159,10.360608444794124,4.0,5.0,2.0
136.0,77,14.0,2120.1,41.77,Entregado,General,Cauquenes,La Florida,1827.8,23.6,Camino Rural,12453.0,Furgón,1000.0,33.5,2016.0,Operativo,151609.0,5.0,2.1201,1.2468656716417912,6.813108655213918,4.0,6.0,2.0
137.0,43,52.0,3381.2,55.47,Entregado,Refrigerada,Puente Alto,Temuco,872.6,10.0,Camino Rural,7140.0,Semi-Remolque,5000.0,69.4,2013.0,En Mantención,171940.0,5.0,0.67624,0.799279538904899,8.18244327297731,4.0,0.0,2.0
138.0,11,57.0,8376.4,42.77,En Tránsito,Perecible,La Serena,Rengo,128.4,16.6,Urbana,68.0,Camión,5000.0,57.1,2016.0,Operativo,110804.0,4.0,1.67528,0.7490367775831874,0.5295950155763239,4.0,1.0,2.0
139.0,48,36.0,11463.8,22.17,Cancelado,Perecible,Villarrica,Santiago,483.8,7.7,Autopista,9072.0,Camioneta,5000.0,49.1,2023.0,Operativo,138259.0,5.0,2.29276,0.4515274949083503,18.75155022736668,4.0,1.0,2.0
140.0,15,13.0,9294.1,42.81,Cancelado,Perecible,Talcahuano,Puerto Montt,1750.1,11.8,Autopista,1666.0,Furgón,5000.0,38.1,2018.0,Operativo,235075.0,5.0,1.105755,0.8255102040816326,0.9519456031083938,4.0,2.0,2.0
141.0,17,40.0,3489.7,2.51,Devuelto,Refrigerada,Maipú,Rancagua,1556.6,17.9,Autopista,3799.0,Camioneta,3000.0,23.5,2019.0,En Mantención,253966.0,5.0,1.1632333333333331,0.1068085106382978,2.4405756135166388,4.0,3.0,2.0
142.0,54,13.0,24.1,30.58,Retrasado,Refrigerada,Pucón,Osorno,147.7,21.5,Urbana,2006.0,Furgón,5000.0,38.1,2018.0,Operativo,235075.0,4.0,1.105755,0.8255102040816326,13.581584292484768,4.0,4.0,2.0
147.0,39,13.0,13557.5,39.31,En Tránsito,Perecible,Valparaíso,Chillán,883.7,16.7,Urbana,1950.0,Furgón,5000.0,38.1,2018.0,Operativo,235075.0,5.0,1.105755,0.8255102040816326,6.885564797424202,4.0,0.0,2.0
148.0,34,60.0,6153.6,48.16,Retrasado,General,Ovalle,Rancagua,1824.2,11.7,Urbana,3064.0,Furgón,10000.0,15.6,2018.0,Operativo,235075.0,5.0,0.61536,3.087179487179487,1.6796403903080803,4.0,1.0,2.0
149.0,44,10.0,7468.85,59.29,Entregado,General,Ovalle,Santiago,799.5,1.4,Camino Rural,13523.0,Van,1000.0,20.7,2024.0,Operativo,431424.0,5.0,1.105755,2.8642512077294686,16.914321450906815,4.0,2.0,2.0
150.0,42,25.0,7162.2,20.85,Entregado,Perecible,La Florida,San Antonio,254.0,12.2,Ruta Nacional,7465.0,Furgón,1000.0,47.9,2015.0,En Mantención,354382.0,5.0,7.1622,0.4352818371607516,29.38976377952756,4.0,2.0,2.0
151.0,40,31.0,7468.85,36.0,Entregado,Frágil,Cauquenes,Viña del Mar,662.3,10.0,Camino Rural,4915.0,Camioneta,3000.0,13.8,2013.0,Operativo,230010.0,5.0,1.105755,2.608695652173913,7.421108259097086,4.0,3.0,2.0
153.0,2,27.0,7906.3,10.11,Devuelto,Peligrosa,Desconocido,Castro,507.2,19.5,Camino Rural,12065.0,Van,1000.0,22.1,2010.0,Operativo,88004.0,4.0,7.9063,0.4574660633484162,23.787460567823345,4.0,5.0,2.0
154.0,28,17.0,4757.6,43.09,En Tránsito,Refrigerada,Las Condes,San Antonio,550.1,6.7,Ruta Nacional,10017.0,Furgón,10000.0,31.3,2014.0,Operativo,341278.0,5.0,0.47576,1.37667731629393,18.209416469732776,4.0,5.0,2.0
155.0,74,33.0,7468.85,45.32,En Tránsito,Refrigerada,Coquimbo,Puerto Montt,1126.4,6.1,Urbana,1399.0,Van,3000.0,28.1,2017.0,Operativo,186774.0,5.0,1.105755,1.6128113879003558,1.242009943181818,4.0,6.0,2.0
156.0,67,31.0,575.8,5.43,Cancelado,General,Chillán,Puerto Montt,1065.6,1.0,Autopista,1914.0,Camioneta,3000.0,13.8,2013.0,Operativo,230010.0,5.0,0.1919333333333333,0.3934782608695651,1.7961711711711714,4.0,0.0,2.0
157.0,71,50.0,8752.1,51.69,En Tránsito,Peligrosa,Rancagua,Maipú,487.0,15.1,Urbana,6707.0,Furgón,5000.0,56.7,2017.0,En Mantención,443858.0,5.0,1.105755,0.9116402116402116,13.772073921971252,4.0,0.0,2.0
158.0,72,42.0,3457.1,48.8,Entregado,Peligrosa,Temuco,Las Condes,751.5,15.8,Urbana,6554.0,Furgón,20000.0,6.7,2016.0,Operativo,456799.0,5.0,0.172855,7.2835820895522385,8.721224218230207,4.0,1.0,2.0
160.0,10,21.0,9810.9,5.56,En Tránsito,Perecible,Curicó,Curicó,1645.1,15.2,Urbana,6351.0,Semi-Remolque,5000.0,63.2,2024.0,Fuera De Servicio,154854.0,5.0,1.105755,0.0879746835443037,3.860555589325877,4.0,3.0,2.0
161.0,57,36.0,10221.3,3.04,Cancelado,Perecible,Villarrica,La Serena,1114.8,12.2,Autopista,2453.0,Camioneta,5000.0,49.1,2023.0,Operativo,138259.0,5.0,2.04426,0.0619144602851323,2.200394689630427,4.0,3.0,2.0
162.0,37,1.0,11284.8,20.15,Retrasado,Refrigerada,Viña del Mar,San Antonio,723.1,7.8,Urbana,1551.0,Camioneta,20000.0,49.2,2018.0,Operativo,267419.0,5.0,0.56424,0.4095528455284552,2.144931544737934,4.0,4.0,2.0
163.0,77,4.0,7558.6,30.58,Devuelto,General,Cauquenes,La Florida,1827.8,23.6,Camino Rural,12453.0,Camioneta,1000.0,49.2,2017.0,Operativo,13823.0,5.0,7.5586,0.8255102040816326,6.813108655213918,4.0,5.0,2.0
165.0,79,26.0,14045.8,16.13,Entregado,General,Villarrica,Puente Alto,1499.0,3.7,Autopista,10474.0,Semi-Remolque,5000.0,24.0,2016.0,Operativo,347864.0,5.0,2.80916,0.6720833333333333,6.987324883255504,4.0,6.0,2.0
166.0,40,4.0,7468.85,54.7,Entregado,General,Cauquenes,Viña del Mar,662.3,10.0,Camino Rural,4915.0,Camioneta,1000.0,49.2,2017.0,Operativo,13823.0,5.0,1.105755,1.1117886178861789,7.421108259097086,5.0,0.0,2.0
168.0,48,9.0,4562.8,2.83,Entregado,Frágil,Villarrica,Santiago,483.8,7.7,Autopista,9072.0,Van,5000.0,39.1,2022.0,Fuera De Servicio,77965.0,5.0,0.91256,0.0723785166240409,18.75155022736668,5.0,2.0,2.0
169.0,19,30.0,7468.85,18.08,Entregado,General,Puerto Montt,Talca,1625.7,19.9,Urbana,1526.0,Camión,1000.0,28.2,2021.0,Fuera De Servicio,235075.0,5.0,1.105755,0.6411347517730496,0.938672571815218,5.0,2.0,2.0
170.0,72,13.0,4119.3,31.91,En Tránsito,Frágil,Temuco,Las Condes,751.5,15.8,Urbana,6554.0,Furgón,5000.0,38.1,2018.0,Operativo,235075.0,5.0,1.105755,0.8255102040816326,8.721224218230207,5.0,3.0,2.0
171.0,13,45.0,3047.8,24.55,Entregado,Perecible,San Fernando,Santiago,762.6,19.0,Autopista,7901.0,Van,1000.0,25.3,2015.0,Operativo,235075.0,5.0,3.0478,0.9703557312252964,10.360608444794124,5.0,4.0,2.0
172.0,13,4.0,6637.9,16.5,Retrasado,Refrigerada,San Fernando,Santiago,762.6,19.0,Autopista,7901.0,Camioneta,1000.0,49.2,2017.0,Operativo,13823.0,5.0,6.637899999999999,0.3353658536585365,10.360608444794124,5.0,4.0,2.0
173.0,37,5.0,862.0,7.97,Entregado,Perecible,Viña del Mar,San Antonio,723.1,7.8,Urbana,1551.0,Semi-Remolque,3000.0,42.4,2010.0,Operativo,154526.0,5.0,0.2873333333333333,0.1879716981132075,2.144931544737934,5.0,5.0,2.0
176.0,2,13.0,8358.7,19.84,Cancelado,Peligrosa,Desconocido,Castro,507.2,19.5,Camino Rural,12065.0,Furgón,5000.0,38.1,2018.0,Operativo,235075.0,5.0,1.105755,0.8255102040816326,23.787460567823345,5.0,0.0,2.0
177.0,31,22.0,9840.4,22.96,Entregado,Frágil,Castro,Concepción,883.7,12.7,Ruta Nacional,11863.0,Van,10000.0,47.8,2020.0,Operativo,386924.0,5.0,0.98404,0.4803347280334728,13.424238995134097,5.0,1.0,2.0
178.0,30,37.0,7460.4,37.12,Entregado,Refrigerada,Linares,San Fernando,1424.9,1.3,Autopista,5861.0,Semi-Remolque,5000.0,9.8,2019.0,Operativo,40916.0,5.0,1.49208,3.787755102040816,4.113271106744333,5.0,2.0,2.0
179.0,76,8.0,490.6,43.13,Entregado,Peligrosa,Ovalle,La Serena,647.2,21.9,Ruta Nacional,12546.0,Furgón,5000.0,38.1,2018.0,Operativo,235075.0,5.0,1.105755,0.8255102040816326,19.385043263288008,5.0,3.0,2.0
180.0,44,48.0,7468.85,23.58,Entregado,Frágil,Ovalle,Santiago,799.5,1.4,Camino Rural,13523.0,Furgón,10000.0,36.2,2021.0,Operativo,117009.0,5.0,1.105755,0.6513812154696131,16.914321450906815,5.0,3.0,2.0
181.0,12,33.0,7468.85,54.31,Cancelado,Peligrosa,Cauquenes,Los Ángeles,1225.7,3.4,Autopista,4699.0,Van,3000.0,28.1,2017.0,Operativo,186774.0,5.0,1.105755,1.932740213523132,3.833727665823611,5.0,4.0,2.0
182.0,51,55.0,6257.1,33.64,Entregado,Perecible,Puente Alto,Castro,489.3,6.2,Ruta Nacional,941.0,Furgón,5000.0,55.5,2021.0,En Mantención,398945.0,5.0,1.25142,0.6061261261261262,1.9231555283057429,5.0,5.0,2.0
183.0,49,60.0,11361.9,27.08,Cancelado,General,Las Condes,Osorno,1642.4,18.9,Ruta Nacional,7202.0,Furgón,10000.0,15.6,2018.0,Operativo,235075.0,6.0,1.13619,1.7358974358974355,4.385046273745738,5.0,5.0,2.0
184.0,24,38.0,3412.7,38.84,Entregado,Perecible,Castro,Chillán,1776.8,12.2,Autopista,10956.0,Camioneta,5000.0,69.7,2015.0,Operativo,37268.0,5.0,0.6825399999999999,0.557245337159254,6.166141377757767,5.0,6.0,2.0
185.0,24,43.0,7468.85,30.58,Cancelado,Refrigerada,Castro,Chillán,1776.8,12.2,Autopista,10956.0,Camioneta,5000.0,53.1,2024.0,Fuera De Servicio,89400.0,5.0,1.105755,0.8255102040816326,6.166141377757767,5.0,0.0,2.0
187.0,11,5.0,5586.2,2.5,En Tránsito,Perecible,La Serena,Rengo,128.4,16.6,Urbana,68.0,Semi-Remolque,3000.0,42.4,2010.0,Operativo,154526.0,6.0,1.8620666666666663,0.0589622641509434,0.5295950155763239,5.0,1.0,2.0
189.0,72,7.0,12420.4,28.29,Entregado,Frágil,Temuco,Las Condes,751.5,15.8,Urbana,6554.0,Furgón,10000.0,48.7,2022.0,Operativo,235075.0,5.0,1.24204,0.5809034907597536,8.721224218230207,5.0,3.0,2.0
191.0,72,1.0,8840.9,42.04,Entregado,General,Temuco,Las Condes,751.5,15.8,Urbana,6554.0,Camioneta,20000.0,49.2,2018.0,Operativo,267419.0,5.0,0.4420449999999999,0.8544715447154471,8.721224218230207,5.0,4.0,2.0
192.0,64,13.0,7468.85,49.59,Entregado,Frágil,La Serena,Curicó,1480.2,17.5,Urbana,10844.0,Furgón,5000.0,38.1,2018.0,Operativo,235075.0,5.0,1.105755,0.8255102040816326,7.32603702202405,5.0,5.0,2.0
194.0,72,45.0,2530.4,59.36,Entregado,Refrigerada,Temuco,Las Condes,751.5,15.8,Urbana,6554.0,Van,1000.0,25.3,2015.0,Operativo,235075.0,5.0,2.5304,2.3462450592885373,8.721224218230207,5.0,0.0,2.0
196.0,71,47.0,9267.2,52.51,Entregado,General,Rancagua,Maipú,487.0,15.1,Urbana,6707.0,Furgón,10000.0,54.1,2022.0,Operativo,191502.0,5.0,0.92672,0.9706099815157117,13.772073921971252,5.0,1.0,2.0
197.0,78,3.0,14721.4,46.02,En Tránsito,Perecible,Osorno,La Florida,824.4,5.2,Urbana,14342.0,Camión,10000.0,69.4,2012.0,En Mantención,478395.0,5.0,1.47214,0.6631123919308357,17.39689471130519,5.0,2.0,2.0
199.0,2,28.0,7468.85,44.07,En Tránsito,Refrigerada,Desconocido,Castro,507.2,19.5,Camino Rural,12065.0,Semi-Remolque,5000.0,5.9,2021.0,Operativo,32072.0,5.0,1.105755,7.469491525423728,23.787460567823345,5.0,3.0,2.0
200.0,43,10.0,3346.8,6.33,En Tránsito,Refrigerada,Puente Alto,Temuco,872.6,10.0,Camino Rural,7140.0,Van,1000.0,20.7,2024.0,Operativo,431424.0,5.0,3.3468,0.3057971014492753,8.18244327297731,5.0,4.0,2.0
201.0,8,9.0,3925.4,47.38,Retrasado,General,Osorno,Quilpué,31.2,10.6,Autopista,14632.0,Van,5000.0,39.1,2022.0,Fuera De Servicio,77965.0,5.0,0.78508,1.2117647058823529,468.974358974359,5.0,5.0,2.0
202.0,13,13.0,7683.4,31.99,Cancelado,General,San Fernando,Santiago,762.6,19.0,Autopista,7901.0,Van,5000.0,22.1,2015.0,Operativo,447261.0,6.0,1.5366799999999998,1.4475113122171943,10.360608444794124,5.0,5.0,2.0
203.0,35,13.0,7468.85,17.61,Entregado,Frágil,Rancagua,Angol,1308.4,19.1,Autopista,3708.0,Furgón,5000.0,38.1,2018.0,Operativo,235075.0,5.0,1.105755,0.8255102040816326,2.8339957199633137,5.0,6.0,2.0
204.0,23,35.0,2522.6,39.38,En Tránsito,General,Chillán,Valparaíso,1884.9,16.5,Autopista,9906.0,Semi-Remolque,3000.0,19.9,2022.0,Operativo,409273.0,5.0,0.8408666666666667,1.9788944723618087,5.255451217571224,5.0,0.0,2.0
205.0,46,54.0,7468.85,38.53,Entregado,Peligrosa,San Fernando,La Serena,314.7,12.2,Ruta Nacional,4798.0,Van,5000.0,63.9,2020.0,Operativo,295428.0,5.0,1.105755,0.6029733959311424,15.246266285351128,5.0,1.0,2.0
206.0,15,23.0,545.9,12.65,Entregado,Peligrosa,Talcahuano,Puerto Montt,1750.1,11.8,Autopista,1666.0,Camión,1000.0,62.1,2024.0,Operativo,397688.0,6.0,0.5458999999999999,0.2037037037037037,0.9519456031083938,5.0,1.0,2.0
207.0,2,47.0,10569.3,1.92,Entregado,Perecible,Desconocido,Castro,507.2,19.5,Camino Rural,12065.0,Furgón,10000.0,54.1,2022.0,Operativo,191502.0,5.0,1.05693,0.0354898336414048,23.787460567823345,5.0,2.0,2.0
208.0,61,17.0,7386.8,26.07,Entregado,Refrigerada,Chillán,Rengo,1903.4,12.2,Urbana,2689.0,Furgón,10000.0,31.3,2014.0,Operativo,341278.0,5.0,0.73868,0.8329073482428115,1.4127351056005042,6.0,3.0,2.0
210.0,64,7.0,2583.7,52.61,Cancelado,Perecible,La Serena,Curicó,1480.2,17.5,Urbana,10844.0,Furgón,10000.0,48.7,2022.0,Operativo,235075.0,5.0,0.25837,1.0802874743326487,7.32603702202405,6.0,4.0,2.0
211.0,52,52.0,1547.0,55.7,Retrasado,Frágil,San Fernando,Santiago,883.7,12.2,Autopista,7202.0,Semi-Remolque,5000.0,69.4,2013.0,En Mantención,171940.0,5.0,0.3094,0.8025936599423631,6.885564797424202,6.0,5.0,2.0
212.0,36,16.0,9192.8,31.78,En Tránsito,Frágil,Ovalle,Chillán,1549.9,3.6,Autopista,14941.0,Camioneta,1000.0,78.5,2020.0,Fuera De Servicio,115935.0,5.0,9.1928,0.4048407643312102,9.639976772695013,6.0,6.0,2.0
213.0,67,53.0,1422.2,45.25,Entregado,Perecible,Chillán,Puerto Montt,1065.6,1.0,Autopista,1914.0,Camioneta,20000.0,13.8,2022.0,Operativo,298453.0,6.0,0.07111,3.2789855072463765,1.7961711711711714,6.0,6.0,2.0
215.0,67,36.0,317.5,44.79,Entregado,General,Chillán,Puerto Montt,1065.6,1.0,Autopista,1914.0,Camioneta,5000.0,49.1,2023.0,Operativo,138259.0,5.0,0.0635,0.9122199592668024,1.7961711711711714,6.0,1.0,2.0
216.0,47,20.0,3748.1,12.37,En Tránsito,Refrigerada,San Fernando,La Serena,29.6,3.2,Autopista,8950.0,Furgón,10000.0,8.6,2016.0,Operativo,263978.0,5.0,0.37481,1.4383720930232555,302.36486486486484,6.0,2.0,2.0
217.0,2,24.0,13361.1,22.33,Entregado,Peligrosa,Desconocido,Castro,507.2,19.5,Camino Rural,12065.0,Van,10000.0,16.2,2012.0,Operativo,337731.0,6.0,1.33611,1.378395061728395,23.787460567823345,6.0,2.0,2.0
218.0,44,47.0,10780.8,38.09,En Tránsito,General,Ovalle,Santiago,799.5,1.4,Camino Rural,13523.0,Furgón,10000.0,54.1,2022.0,Operativo,191502.0,5.0,1.07808,0.7040665434380777,16.914321450906815,6.0,3.0,2.0
219.0,64,5.0,1103.8,1.19,Entregado,Frágil,La Serena,Curicó,1480.2,17.5,Urbana,10844.0,Semi-Remolque,3000.0,42.4,2010.0,Operativo,154526.0,5.0,0.3679333333333333,0.028066037735849,7.32603702202405,6.0,4.0,2.0
221.0,28,6.0,7400.6,50.15,Retrasado,Refrigerada,Las Condes,San Antonio,550.1,6.7,Ruta Nacional,10017.0,Camión,1000.0,74.9,2017.0,Fuera De Servicio,145004.0,6.0,7.400600000000001,0.6695594125500667,18.209416469732776,6.0,5.0,2.0
222.0,54,28.0,12703.3,30.58,En Tránsito,Perecible,Pucón,Osorno,147.7,21.5,Urbana,2006.0,Semi-Remolque,5000.0,5.9,2021.0,Operativo,32072.0,5.0,1.105755,0.8255102040816326,13.581584292484768,6.0,6.0,2.0
223.0,74,59.0,9015.1,26.93,Entregado,Refrigerada,Coquimbo,Puerto Montt,1126.4,6.1,Urbana,1399.0,Furgón,5000.0,75.9,2014.0,En Mantención,94179.0,5.0,1.80302,0.3548089591567852,1.242009943181818,6.0,0.0,2.0
224.0,67,5.0,10230.7,51.09,Entregado,Refrigerada,Chillán,Puerto Montt,1065.6,1.0,Autopista,1914.0,Semi-Remolque,3000.0,42.4,2010.0,Operativo,154526.0,6.0,3.4102333333333337,1.2049528301886794,1.7961711711711714,6.0,0.0,2.0
226.0,63,39.0,3492.7,17.36,En Tránsito,General,Villarrica,Coquimbo,1557.6,12.0,Camino Rural,377.0,Furgón,5000.0,38.1,2018.0,Operativo,235075.0,5.0,1.105755,0.8255102040816326,0.2420390344119158,6.0,2.0,2.0
227.0,25,38.0,9362.9,19.51,En Tránsito,Refrigerada,Coquimbo,Concepción,213.5,1.2,Ruta Nacional,6799.0,Camioneta,5000.0,69.7,2015.0,Operativo,37268.0,5.0,1.87258,0.2799139167862267,31.84543325526932,6.0,3.0,2.0
228.0,48,2.0,6910.2,40.76,Entregado,Perecible,Villarrica,Santiago,483.8,7.7,Autopista,9072.0,Furgón,5000.0,38.7,2019.0,Operativo,179180.0,6.0,1.38204,1.0532299741602067,18.75155022736668,6.0,3.0,2.0
229.0,39,43.0,601.4,33.84,En Tránsito,General,Valparaíso,Chillán,883.7,16.7,Urbana,1950.0,Camioneta,5000.0,53.1,2024.0,Fuera De Servicio,89400.0,5.0,0.12028,0.6372881355932204,6.885564797424202,6.0,4.0,2.0
230.0,47,39.0,226.9,9.82,Entregado,Perecible,San Fernando,La Serena,29.6,3.2,Autopista,8950.0,Furgón,5000.0,38.1,2018.0,Operativo,235075.0,5.0,1.105755,0.8255102040816326,302.36486486486484,6.0,5.0,2.0
231.0,21,54.0,1797.2,18.66,Entregado,Refrigerada,Desconocido,Valparaíso,115.0,19.2,Camino Rural,80.0,Van,5000.0,63.9,2020.0,Operativo,295428.0,5.0,0.35944,0.292018779342723,0.6956521739130435,6.0,6.0,2.0
233.0,31,40.0,7468.85,41.32,Entregado,Refrigerada,Castro,Concepción,883.7,12.7,Ruta Nacional,11863.0,Camioneta,3000.0,23.5,2019.0,En Mantención,253966.0,5.0,1.105755,1.7582978723404254,13.424238995134097,6.0,0.0,2.0
234.0,26,37.0,8305.9,59.16,Entregado,Frágil,Rancagua,Los Ángeles,1490.8,8.4,Autopista,10265.0,Semi-Remolque,5000.0,9.8,2019.0,Operativo,40916.0,5.0,1.66118,6.03673469387755,6.885564797424202,6.0,1.0,2.0
235.0,22,59.0,487.5,46.04,Entregado,General,Castro,Talca,919.3,23.7,Urbana,4921.0,Furgón,5000.0,75.9,2014.0,En Mantención,94179.0,6.0,0.0975,0.6065876152832674,5.352985967584032,6.0,1.0,2.0
236.0,21,18.0,7468.85,56.52,Retrasado,Perecible,Desconocido,Valparaíso,115.0,19.2,Camino Rural,80.0,Furgón,20000.0,38.9,2023.0,En Mantención,243705.0,6.0,1.105755,1.4529562982005142,0.6956521739130435,6.0,2.0,2.0
237.0,1,54.0,13870.1,13.05,En Tránsito,Frágil,La Florida,Pucón,420.3,6.3,Camino Rural,13931.0,Van,5000.0,63.9,2020.0,Operativo,295428.0,5.0,2.77402,0.204225352112676,33.14537235308113,6.0,3.0,2.0
238.0,37,48.0,5969.9,46.31,En Tránsito,Peligrosa,Viña del Mar,San Antonio,723.1,7.8,Urbana,1551.0,Furgón,10000.0,36.2,2021.0,Operativo,117009.0,5.0,0.5969899999999999,1.279281767955801,2.144931544737934,6.0,4.0,2.0
239.0,77,46.0,9377.6,1.31,Entregado,Perecible,Cauquenes,La Florida,1827.8,23.6,Camino Rural,12453.0,Camión,10000.0,20.5,2022.0,En Mantención,17043.0,6.0,0.93776,0.0639024390243902,6.813108655213918,6.0,4.0,2.0
240.0,46,12.0,11699.5,40.28,Devuelto,Refrigerada,San Fernando,La Serena,314.7,12.2,Ruta Nacional,4798.0,Furgón,20000.0,23.1,2010.0,Operativo,282654.0,6.0,0.584975,1.7437229437229436,15.246266285351128,6.0,5.0,2.0
241.0,9,17.0,11761.0,28.21,Entregado,Perecible,Osorno,Osorno,1555.3,5.1,Ruta Nacional,7202.0,Furgón,10000.0,31.3,2014.0,Operativo,341278.0,5.0,1.1761,0.9012779552715656,6.885564797424202,6.0,6.0,2.0
242.0,17,37.0,7794.0,20.87,Entregado,Peligrosa,Maipú,Rancagua,1556.6,17.9,Autopista,3799.0,Semi-Remolque,5000.0,9.8,2019.0,Operativo,40916.0,5.0,1.5588,2.129591836734694,2.4405756135166388,6.0,0.0,2.0
244.0,59,38.0,5876.8,51.27,Entregado,Frágil,Temuco,Santiago,1070.4,3.5,Autopista,2117.0,Camioneta,5000.0,69.7,2015.0,Operativo,37268.0,6.0,1.17536,0.7355810616929699,1.977765321375187,6.0,1.0,2.0
246.0,12,7.0,3611.0,36.61,En Tránsito,General,Cauquenes,Los Ángeles,1225.7,3.4,Autopista,4699.0,Furgón,10000.0,48.7,2022.0,Operativo,235075.0,5.0,0.3611,0.7517453798767967,3.833727665823611,6.0,3.0,2.0
249.0,53,1.0,11935.8,49.94,Cancelado,Peligrosa,Temuco,Coquimbo,1433.7,5.1,Autopista,7421.0,Camioneta,20000.0,49.2,2018.0,Operativo,267419.0,5.0,0.5967899999999999,1.015040650406504,5.17611773732301,7.0,5.0,3.0
250.0,16,38.0,6261.7,18.66,Entregado,Frágil,Santiago,San Antonio,1703.5,8.3,Autopista,6641.0,Camioneta,5000.0,69.7,2015.0,Operativo,37268.0,6.0,1.25234,0.2677187948350071,3.898444379219255,7.0,5.0,3.0
251.0,5,3.0,3444.5,56.59,Cancelado,General,Cauquenes,San Fernando,914.3,22.9,Camino Rural,5128.0,Camión,10000.0,69.4,2012.0,En Mantención,478395.0,6.0,0.34445,0.8154178674351585,5.608662364650552,7.0,6.0,3.0
252.0,73,37.0,3484.5,10.86,Entregado,Refrigerada,Maipú,Santiago,468.4,5.2,Ruta Nacional,11768.0,Semi-Remolque,5000.0,9.8,2019.0,Operativo,40916.0,5.0,0.6969,1.1081632653061224,25.123825789923146,7.0,0.0,3.0
253.0,46,44.0,13522.0,39.8,En Tránsito,Perecible,San Fernando,La Serena,314.7,12.2,Ruta Nacional,4798.0,Semi-Remolque,10000.0,31.05,2022.0,Operativo,306437.0,5.0,1.3522,1.2818035426731078,15.246266285351128,7.0,1.0,3.0
254.0,14,13.0,12510.4,40.36,Retrasado,Frágil,Los Ángeles,Valparaíso,1589.9,0.9,Camino Rural,4864.0,Furgón,5000.0,38.1,2018.0,Operativo,235075.0,6.0,1.105755,0.8255102040816326,3.059311906409208,7.0,1.0,3.0
255.0,44,43.0,8307.4,15.21,Entregado,Refrigerada,Ovalle,Santiago,799.5,1.4,Camino Rural,13523.0,Camioneta,5000.0,53.1,2024.0,Fuera De Servicio,89400.0,6.0,1.6614799999999998,0.2864406779661017,16.914321450906815,7.0,2.0,3.0
256.0,63,13.0,9245.5,19.55,En Tránsito,Peligrosa,Villarrica,Coquimbo,1557.6,12.0,Camino Rural,377.0,Van,5000.0,22.1,2015.0,Operativo,447261.0,5.0,1.8491,0.8846153846153846,0.2420390344119158,7.0,3.0,3.0
257.0,13,48.0,7120.1,50.1,Entregado,Frágil,San Fernando,Santiago,762.6,19.0,Autopista,7901.0,Furgón,10000.0,36.2,2021.0,Operativo,117009.0,5.0,0.71201,1.3839779005524862,10.360608444794124,7.0,4.0,3.0
258.0,26,18.0,5881.1,45.73,Entregado,Perecible,Rancagua,Los Ángeles,1490.8,8.4,Autopista,10265.0,Furgón,20000.0,38.9,2023.0,En Mantención,243705.0,6.0,0.294055,1.1755784061696657,6.885564797424202,7.0,4.0,3.0
259.0,53,17.0,13733.0,19.81,Cancelado,Refrigerada,Temuco,Coquimbo,1433.7,5.1,Autopista,7421.0,Furgón,10000.0,31.3,2014.0,Operativo,341278.0,6.0,1.3733,0.6329073482428115,5.17611773732301,7.0,5.0,3.0
260.0,29,17.0,1892.9,30.58,Entregado,Refrigerada,Ovalle,Pucón,948.5,20.2,Ruta Nacional,609.0,Furgón,10000.0,31.3,2014.0,Operativo,341278.0,5.0,0.18929,0.8255102040816326,0.6420664206642066,7.0,6.0,3.0
261.0,19,11.0,6282.5,3.79,Entregado,General,Puerto Montt,Talca,1625.7,19.9,Urbana,1526.0,Van,20000.0,5.3,2017.0,Operativo,476196.0,6.0,0.314125,0.7150943396226416,0.938672571815218,7.0,6.0,3.0
262.0,47,20.0,5175.0,12.6,Entregado,Perecible,San Fernando,La Serena,29.6,3.2,Autopista,8950.0,Furgón,10000.0,8.6,2016.0,Operativo,263978.0,6.0,0.5175,1.4651162790697674,302.36486486486484,7.0,0.0,3.0
263.0,8,10.0,7477.3,29.2,Cancelado,General,Osorno,Quilpué,31.2,10.6,Autopista,14632.0,Van,1000.0,20.7,2024.0,Operativo,431424.0,6.0,7.4773,1.4106280193236715,468.974358974359,7.0,1.0,3.0
264.0,23,29.0,7468.85,5.25,Entregado,Peligrosa,Chillán,Valparaíso,1884.9,16.5,Autopista,9906.0,Camión,10000.0,14.8,2018.0,Fuera De Servicio,91015.0,5.0,1.105755,0.3547297297297297,5.255451217571224,7.0,2.0,3.0
265.0,35,48.0,7788.2,50.62,Entregado,General,Rancagua,Angol,1308.4,19.1,Autopista,3708.0,Furgón,10000.0,36.2,2021.0,Operativo,117009.0,6.0,0.77882,1.398342541436464,2.8339957199633137,7.0,2.0,3.0
267.0,58,17.0,7702.0,56.62,Entregado,Frágil,Angol,San Fernando,1463.5,20.9,Ruta Nacional,505.0,Furgón,10000.0,31.3,2014.0,Operativo,341278.0,5.0,0.7702,1.8089456869009584,0.3450632046463956,7.0,4.0,3.0
268.0,5,54.0,3643.9,41.64,Entregado,General,Cauquenes,San Fernando,914.3,22.9,Camino Rural,5128.0,Van,5000.0,63.9,2020.0,Operativo,295428.0,5.0,0.72878,0.651643192488263,5.608662364650552,7.0,5.0,3.0
269.0,16,52.0,2773.1,56.43,Retrasado,Perecible,Santiago,San Antonio,1703.5,8.3,Autopista,6641.0,Semi-Remolque,5000.0,69.4,2013.0,En Mantención,171940.0,6.0,0.55462,0.8131123919308356,3.898444379219255,7.0,5.0,3.0
270.0,17,42.0,981.9,33.32,En Tránsito,General,Maipú,Rancagua,1556.6,17.9,Autopista,3799.0,Furgón,20000.0,6.7,2016.0,Operativo,456799.0,6.0,0.049095,4.973134328358209,2.4405756135166388,7.0,6.0,3.0
271.0,32,13.0,7468.85,36.05,Retrasado,Peligrosa,Rancagua,Temuco,234.5,13.8,Urbana,12045.0,Van,5000.0,22.1,2015.0,Operativo,447261.0,5.0,1.105755,1.631221719457013,51.36460554371002,7.0,0.0,3.0
273.0,20,47.0,9403.4,38.56,Cancelado,Refrigerada,Viña del Mar,Santiago,1071.6,14.5,Ruta Nacional,737.0,Furgón,10000.0,54.1,2022.0,Operativo,191502.0,6.0,0.94034,0.7127541589648799,0.6877566256065697,7.0,1.0,3.0
274.0,66,39.0,10916.6,1.94,Cancelado,General,San Fernando,Santiago,883.7,12.2,Autopista,7202.0,Furgón,5000.0,38.1,2018.0,Operativo,235075.0,6.0,1.105755,0.8255102040816326,6.885564797424202,7.0,2.0,3.0
275.0,1,27.0,7468.85,43.46,Entregado,Refrigerada,La Florida,Pucón,420.3,6.3,Camino Rural,13931.0,Van,1000.0,22.1,2010.0,Operativo,88004.0,5.0,1.105755,1.9665158371040723,33.14537235308113,7.0,3.0,3.0
276.0,58,54.0,7468.85,54.34,Entregado,Perecible,Angol,San Fernando,1463.5,20.9,Ruta Nacional,505.0,Van,5000.0,63.9,2020.0,Operativo,295428.0,6.0,1.105755,0.8503912363067293,0.3450632046463956,7.0,3.0,3.0
278.0,6,26.0,5645.6,35.07,Entregado,Frágil,San Fernando,Santiago,883.7,12.2,Autopista,7202.0,Semi-Remolque,5000.0,24.0,2016.0,Operativo,347864.0,6.0,1.12912,1.46125,6.885564797424202,7.0,5.0,3.0
279.0,50,28.0,9604.3,40.31,En Tránsito,Perecible,Angol,Los Ángeles,426.6,9.1,Autopista,12235.0,Semi-Remolque,5000.0,5.9,2021.0,Operativo,32072.0,5.0,1.105755,6.832203389830508,28.68026254102203,7.0,6.0,3.0
280.0,72,13.0,7427.0,30.58,En Tránsito,Perecible,Temuco,Las Condes,751.5,15.8,Urbana,6554.0,Van,5000.0,22.1,2015.0,Operativo,447261.0,6.0,1.4854,0.8255102040816326,8.721224218230207,7.0,6.0,3.0
281.0,20,12.0,12738.5,5.53,Retrasado,Frágil,Viña del Mar,Santiago,1071.6,14.5,Ruta Nacional,737.0,Furgón,20000.0,23.1,2010.0,Operativo,282654.0,6.0,0.636925,0.2393939393939393,0.6877566256065697,7.0,0.0,3.0
283.0,5,13.0,2566.7,17.08,Entregado,General,Cauquenes,San Fernando,914.3,22.9,Camino Rural,5128.0,Furgón,5000.0,38.1,2018.0,Operativo,235075.0,5.0,1.105755,0.8255102040816326,5.608662364650552,7.0,2.0,3.0
284.0,41,2.0,2052.1,38.44,Entregado,General,Quilpué,Puerto Montt,1721.5,21.1,Urbana,3153.0,Furgón,5000.0,38.7,2019.0,Operativo,179180.0,6.0,0.41042,0.99328165374677,1.831542259657276,7.0,2.0,3.0
286.0,34,57.0,4525.4,9.29,Retrasado,Perecible,Ovalle,Rancagua,1824.2,11.7,Urbana,3064.0,Camión,5000.0,57.1,2016.0,Operativo,110804.0,5.0,0.90508,0.1626970227670753,1.6796403903080803,7.0,4.0,3.0
287.0,80,57.0,288.4,12.48,En Tránsito,Refrigerada,Puerto Montt,Viña del Mar,235.8,1.8,Ruta Nacional,3117.0,Camión,5000.0,57.1,2016.0,Operativo,110804.0,6.0,0.0576799999999999,0.2185639229422066,13.21882951653944,7.0,4.0,3.0
288.0,45,34.0,13330.8,37.34,Devuelto,Frágil,Ovalle,Quilpué,1876.7,13.5,Autopista,521.0,Camioneta,3000.0,14.8,2020.0,Operativo,374404.0,6.0,4.4436,2.522972972972973,0.2776149624340597,7.0,5.0,3.0
289.0,71,23.0,3411.2,7.78,Retrasado,Perecible,Rancagua,Maipú,487.0,15.1,Urbana,6707.0,Camión,1000.0,62.1,2024.0,Operativo,397688.0,6.0,3.4112,0.1252818035426731,13.772073921971252,7.0,6.0,3.0
291.0,71,52.0,10764.3,50.13,Entregado,Frágil,Rancagua,Maipú,487.0,15.1,Urbana,6707.0,Semi-Remolque,5000.0,69.4,2013.0,En Mantención,171940.0,6.0,2.15286,0.7223342939481268,13.772073921971252,7.0,0.0,3.0
293.0,78,29.0,3029.9,29.33,Entregado,Perecible,Osorno,La Florida,824.4,5.2,Urbana,14342.0,Camión,10000.0,14.8,2018.0,Fuera De Servicio,91015.0,6.0,0.30299,1.9817567567567564,17.39689471130519,8.0,2.0,3.0
294.0,78,35.0,3520.6,56.47,Entregado,Perecible,Osorno,La Florida,824.4,5.2,Urbana,14342.0,Semi-Remolque,3000.0,19.9,2022.0,Operativo,409273.0,5.0,1.173533333333333,2.837688442211056,17.39689471130519,8.0,3.0,3.0
295.0,44,11.0,7823.8,13.71,Retrasado,Peligrosa,Ovalle,Santiago,799.5,1.4,Camino Rural,13523.0,Van,20000.0,5.3,2017.0,Operativo,476196.0,6.0,0.39119,2.586792452830189,16.914321450906815,8.0,3.0,3.0
298.0,44,13.0,4828.7,45.34,Entregado,Refrigerada,Ovalle,Santiago,799.5,1.4,Camino Rural,13523.0,Furgón,5000.0,38.1,2018.0,Operativo,235075.0,5.0,1.105755,0.8255102040816326,16.914321450906815,8.0,6.0,3.0
299.0,20,11.0,2402.9,54.11,En Tránsito,Refrigerada,Viña del Mar,Santiago,1071.6,14.5,Ruta Nacional,737.0,Van,20000.0,5.3,2017.0,Operativo,476196.0,6.0,0.120145,10.209433962264152,0.6877566256065697,8.0,6.0,3.0
300.0,36,9.0,3085.7,54.94,Retrasado,Frágil,Ovalle,Chillán,1549.9,3.6,Autopista,14941.0,Van,5000.0,39.1,2022.0,Fuera De Servicio,77965.0,6.0,0.6171399999999999,1.4051150895140665,9.639976772695013,8.0,0.0,3.0
303.0,67,39.0,7468.85,1.59,En Tránsito,Frágil,Chillán,Puerto Montt,1065.6,1.0,Autopista,1914.0,Furgón,5000.0,38.1,2018.0,Operativo,235075.0,6.0,1.105755,0.8255102040816326,1.7961711711711714,8.0,2.0,3.0
304.0,39,48.0,9444.0,23.09,Entregado,Perecible,Valparaíso,Chillán,883.7,16.7,Urbana,1950.0,Furgón,10000.0,36.2,2021.0,Operativo,117009.0,6.0,0.9444,0.6378453038674032,6.885564797424202,8.0,3.0,3.0
305.0,24,13.0,14640.0,8.58,Entregado,Frágil,Castro,Chillán,1776.8,12.2,Autopista,10956.0,Furgón,5000.0,38.1,2018.0,Operativo,235075.0,5.0,1.105755,0.8255102040816326,6.166141377757767,8.0,4.0,3.0
306.0,70,29.0,4974.9,42.65,Entregado,Frágil,Talcahuano,Curicó,467.1,23.7,Autopista,13463.0,Camión,10000.0,14.8,2018.0,Fuera De Servicio,91015.0,6.0,0.49749,2.881756756756757,28.822521943909223,8.0,4.0,3.0
307.0,54,19.0,1788.6,39.7,Cancelado,Frágil,Pucón,Osorno,147.7,21.5,Urbana,2006.0,Van,20000.0,15.0,2014.0,Operativo,344398.0,6.0,0.08943,2.646666666666667,13.581584292484768,8.0,5.0,3.0
308.0,38,36.0,8560.1,2.73,Entregado,Refrigerada,Pucón,Cauquenes,374.6,15.0,Urbana,2710.0,Camioneta,5000.0,49.1,2023.0,Operativo,138259.0,6.0,1.71202,0.0556008146639511,7.234383342231713,8.0,6.0,3.0
309.0,74,32.0,7468.85,30.58,En Tránsito,Refrigerada,Coquimbo,Puerto Montt,1126.4,6.1,Urbana,1399.0,Camioneta,5000.0,78.9,2022.0,En Mantención,235075.0,5.0,1.105755,0.8255102040816326,1.242009943181818,8.0,0.0,3.0
310.0,80,7.0,7468.85,15.0,Entregado,General,Puerto Montt,Viña del Mar,235.8,1.8,Ruta Nacional,3117.0,Furgón,10000.0,48.7,2022.0,Operativo,235075.0,6.0,1.105755,0.3080082135523613,13.21882951653944,8.0,0.0,3.0
311.0,75,55.0,9341.5,25.99,Entregado,Frágil,Coquimbo,Santiago,277.6,12.2,Camino Rural,7813.0,Furgón,5000.0,55.5,2021.0,En Mantención,398945.0,6.0,1.8683,0.4682882882882883,28.144812680115272,8.0,1.0,3.0
312.0,32,28.0,4732.7,40.11,Entregado,Peligrosa,Rancagua,Temuco,234.5,13.8,Urbana,12045.0,Semi-Remolque,5000.0,5.9,2021.0,Operativo,32072.0,6.0,1.105755,6.798305084745762,51.36460554371002,8.0,2.0,3.0
315.0,70,60.0,10187.4,4.03,Retrasado,Perecible,Talcahuano,Curicó,467.1,23.7,Autopista,13463.0,Furgón,10000.0,15.6,2018.0,Operativo,235075.0,6.0,1.01874,0.2583333333333333,28.822521943909223,8.0,4.0,3.0
316.0,53,5.0,10879.2,24.15,Entregado,Perecible,Temuco,Coquimbo,1433.7,5.1,Autopista,7421.0,Semi-Remolque,3000.0,42.4,2010.0,Operativo,154526.0,6.0,3.6264,0.5695754716981132,5.17611773732301,8.0,5.0,3.0
317.0,51,13.0,14475.8,45.91,Retrasado,Perecible,Puente Alto,Castro,489.3,6.2,Ruta Nacional,941.0,Furgón,5000.0,38.1,2018.0,Operativo,235075.0,6.0,1.105755,0.8255102040816326,1.9231555283057429,8.0,5.0,3.0
318.0,76,55.0,3913.4,54.92,Entregado,Frágil,Ovalle,La Serena,647.2,21.9,Ruta Nacional,12546.0,Furgón,5000.0,55.5,2021.0,En Mantención,398945.0,6.0,0.78268,0.9895495495495495,19.385043263288008,8.0,6.0,3.0
319.0,56,22.0,286.7,24.87,En Tránsito,General,Quilpué,Puente Alto,572.2,17.1,Camino Rural,9738.0,Van,10000.0,47.8,2020.0,Operativo,386924.0,6.0,0.0286699999999999,0.5202928870292888,17.018524991261796,8.0,0.0,3.0
320.0,27,26.0,8188.7,25.47,En Tránsito,Peligrosa,Chillán,Pucón,1613.5,3.0,Ruta Nacional,5399.0,Semi-Remolque,5000.0,24.0,2016.0,Operativo,347864.0,6.0,1.63774,1.06125,3.34614192748683,8.0,1.0,3.0
321.0,38,42.0,10604.8,42.19,Devuelto,Refrigerada,Pucón,Cauquenes,374.6,15.0,Urbana,2710.0,Furgón,20000.0,6.7,2016.0,Operativo,456799.0,6.0,0.5302399999999999,6.297014925373134,7.234383342231713,8.0,1.0,3.0
322.0,62,12.0,11858.2,56.57,Entregado,Peligrosa,Rancagua,Rancagua,883.7,11.8,Urbana,3386.0,Furgón,20000.0,23.1,2010.0,Operativo,282654.0,6.0,0.59291,2.448917748917749,6.885564797424202,8.0,2.0,3.0
323.0,18,40.0,2914.1,16.1,Entregado,Refrigerada,Ovalle,Santiago,545.4,7.8,Ruta Nacional,13638.0,Camioneta,3000.0,23.5,2019.0,En Mantención,253966.0,6.0,0.9713666666666666,0.6851063829787235,25.005500550055007,8.0,3.0,3.0
324.0,64,19.0,3933.7,26.46,Cancelado,Refrigerada,La Serena,Curicó,1480.2,17.5,Urbana,10844.0,Van,20000.0,15.0,2014.0,Operativo,344398.0,5.0,0.196685,1.764,7.32603702202405,8.0,4.0,3.0
325.0,77,47.0,7693.7,47.78,Entregado,Peligrosa,Cauquenes,La Florida,1827.8,23.6,Camino Rural,12453.0,Furgón,10000.0,54.1,2022.0,Operativo,191502.0,6.0,0.76937,0.8831792975970425,6.813108655213918,8.0,4.0,3.0
326.0,30,1.0,4965.7,30.58,Retrasado,Frágil,Linares,San Fernando,1424.9,1.3,Autopista,5861.0,Camioneta,20000.0,49.2,2018.0,Operativo,267419.0,6.0,0.2482849999999999,0.8255102040816326,4.113271106744333,8.0,5.0,3.0
328.0,41,27.0,7111.7,37.7,En Tránsito,Frágil,Quilpué,Puerto Montt,1721.5,21.1,Urbana,3153.0,Van,1000.0,22.1,2010.0,Operativo,88004.0,6.0,7.1117,1.7058823529411764,1.831542259657276,8.0,6.0,3.0
329.0,13,18.0,7468.85,11.29,Entregado,Perecible,San Fernando,Santiago,762.6,19.0,Autopista,7901.0,Furgón,20000.0,38.9,2023.0,En Mantención,243705.0,6.0,1.105755,0.2902313624678663,10.360608444794124,8.0,0.0,3.0
330.0,34,50.0,8713.5,30.66,Entregado,General,Ovalle,Rancagua,1824.2,11.7,Urbana,3064.0,Furgón,5000.0,56.7,2017.0,En Mantención,443858.0,6.0,1.105755,0.5407407407407407,1.6796403903080803,8.0,1.0,3.0
332.0,66,2.0,4996.8,52.58,Entregado,Peligrosa,San Fernando,Santiago,883.7,12.2,Autopista,7202.0,Furgón,5000.0,38.7,2019.0,Operativo,179180.0,6.0,0.99936,1.3586563307493538,6.885564797424202,8.0,2.0,3.0
333.0,18,5.0,12472.9,27.8,Entregado,General,Ovalle,Santiago,545.4,7.8,Ruta Nacional,13638.0,Semi-Remolque,3000.0,42.4,2010.0,Operativo,154526.0,6.0,4.157633333333333,0.6556603773584906,25.005500550055007,8.0,3.0,3.0
334.0,5,29.0,4125.8,16.84,Entregado,Perecible,Cauquenes,San Fernando,914.3,22.9,Camino Rural,5128.0,Camión,10000.0,14.8,2018.0,Fuera De Servicio,91015.0,6.0,0.41258,1.1378378378378378,5.608662364650552,9.0,4.0,3.0
335.0,19,33.0,8196.0,13.93,Retrasado,Frágil,Puerto Montt,Talca,1625.7,19.9,Urbana,1526.0,Van,3000.0,28.1,2017.0,Operativo,186774.0,6.0,2.732,0.495729537366548,0.938672571815218,9.0,5.0,3.0
336.0,42,42.0,3218.0,52.47,Entregado,Peligrosa,La Florida,San Antonio,254.0,12.2,Ruta Nacional,7465.0,Furgón,20000.0,6.7,2016.0,Operativo,456799.0,6.0,0.1609,7.831343283582089,29.38976377952756,9.0,5.0,3.0
337.0,18,20.0,7138.1,10.34,Entregado,Refrigerada,Ovalle,Santiago,545.4,7.8,Ruta Nacional,13638.0,Furgón,10000.0,8.6,2016.0,Operativo,263978.0,6.0,0.7138100000000001,1.2023255813953488,25.005500550055007,9.0,6.0,3.0
338.0,32,30.0,4779.4,25.61,En Tránsito,Refrigerada,Rancagua,Temuco,234.5,13.8,Urbana,12045.0,Camión,1000.0,28.2,2021.0,Fuera De Servicio,235075.0,6.0,4.7794,0.9081560283687944,51.36460554371002,9.0,0.0,3.0
339.0,21,42.0,4007.9,11.31,Entregado,Refrigerada,Desconocido,Valparaíso,115.0,19.2,Camino Rural,80.0,Furgón,20000.0,6.7,2016.0,Operativo,456799.0,7.0,0.200395,1.6880597014925374,0.6956521739130435,9.0,0.0,3.0
340.0,10,5.0,14505.1,46.42,Entregado,Perecible,Curicó,Curicó,1645.1,15.2,Urbana,6351.0,Semi-Remolque,3000.0,42.4,2010.0,Operativo,154526.0,6.0,4.8350333333333335,1.094811320754717,3.860555589325877,9.0,1.0,3.0
341.0,37,50.0,2409.5,28.51,Entregado,Refrigerada,Viña del Mar,San Antonio,723.1,7.8,Urbana,1551.0,Furgón,5000.0,56.7,2017.0,En Mantención,443858.0,6.0,1.105755,0.5028218694885361,2.144931544737934,9.0,2.0,3.0
344.0,13,15.0,308.3,51.15,Entregado,General,San Fernando,Santiago,762.6,19.0,Autopista,7901.0,Furgón,5000.0,38.6,2023.0,Operativo,475899.0,6.0,1.105755,1.3251295336787563,10.360608444794124,9.0,4.0,3.0
345.0,17,20.0,10488.4,33.27,Retrasado,Frágil,Maipú,Rancagua,1556.6,17.9,Autopista,3799.0,Furgón,10000.0,8.6,2016.0,Operativo,263978.0,6.0,1.04884,3.868604651162791,2.4405756135166388,9.0,5.0,3.0
346.0,9,8.0,7468.85,43.1,Entregado,Refrigerada,Osorno,Osorno,1555.3,5.1,Ruta Nacional,7202.0,Furgón,5000.0,38.1,2018.0,Operativo,235075.0,6.0,1.105755,0.8255102040816326,6.885564797424202,9.0,6.0,3.0
347.0,44,49.0,616.9,53.83,Entregado,Frágil,Ovalle,Santiago,799.5,1.4,Camino Rural,13523.0,Camión,20000.0,18.5,2018.0,Operativo,311037.0,6.0,0.0308449999999999,2.909729729729729,16.914321450906815,9.0,6.0,3.0
348.0,78,31.0,6049.3,54.11,En Tránsito,Peligrosa,Osorno,La Florida,824.4,5.2,Urbana,14342.0,Camioneta,3000.0,13.8,2013.0,Operativo,230010.0,6.0,2.016433333333333,3.921014492753623,17.39689471130519,9.0,0.0,3.0
349.0,46,12.0,14028.9,19.78,Entregado,Frágil,San Fernando,La Serena,314.7,12.2,Ruta Nacional,4798.0,Furgón,20000.0,23.1,2010.0,Operativo,282654.0,6.0,0.701445,0.8562770562770563,15.246266285351128,9.0,1.0,3.0
350.0,8,21.0,186.4,57.15,En Tránsito,Refrigerada,Osorno,Quilpué,31.2,10.6,Autopista,14632.0,Semi-Remolque,5000.0,63.2,2024.0,Fuera De Servicio,154854.0,6.0,1.105755,0.904272151898734,468.974358974359,9.0,2.0,3.0
351.0,37,30.0,8822.4,1.59,Cancelado,Frágil,Viña del Mar,San Antonio,723.1,7.8,Urbana,1551.0,Camión,1000.0,28.2,2021.0,Fuera De Servicio,235075.0,6.0,8.8224,0.0563829787234042,2.144931544737934,9.0,2.0,3.0
352.0,19,27.0,7525.9,22.67,Cancelado,Perecible,Puerto Montt,Talca,1625.7,19.9,Urbana,1526.0,Van,1000.0,22.1,2010.0,Operativo,88004.0,6.0,7.5259,1.0257918552036198,0.938672571815218,9.0,3.0,3.0
353.0,63,44.0,7468.85,53.76,Entregado,Frágil,Villarrica,Coquimbo,1557.6,12.0,Camino Rural,377.0,Semi-Remolque,10000.0,31.05,2022.0,Operativo,306437.0,6.0,1.105755,1.7314009661835748,0.2420390344119158,9.0,4.0,3.0
354.0,46,26.0,1269.2,16.55,Entregado,Frágil,San Fernando,La Serena,314.7,12.2,Ruta Nacional,4798.0,Semi-Remolque,5000.0,24.0,2016.0,Operativo,347864.0,7.0,0.25384,0.6895833333333333,15.246266285351128,9.0,4.0,3.0
355.0,71,33.0,10226.1,16.46,Devuelto,Refrigerada,Rancagua,Maipú,487.0,15.1,Urbana,6707.0,Van,3000.0,28.1,2017.0,Operativo,186774.0,6.0,3.4087,0.5857651245551602,13.772073921971252,9.0,5.0,3.0
356.0,26,26.0,7468.85,18.23,Entregado,Peligrosa,Rancagua,Los Ángeles,1490.8,8.4,Autopista,10265.0,Semi-Remolque,5000.0,24.0,2016.0,Operativo,347864.0,6.0,1.105755,0.7595833333333334,6.885564797424202,9.0,6.0,3.0
358.0,46,36.0,14135.6,26.36,Entregado,Refrigerada,San Fernando,La Serena,314.7,12.2,Ruta Nacional,4798.0,Camioneta,5000.0,49.1,2023.0,Operativo,138259.0,7.0,2.82712,0.5368635437881873,15.246266285351128,9.0,0.0,3.0
359.0,75,40.0,12348.1,43.63,Entregado,Refrigerada,Coquimbo,Santiago,277.6,12.2,Camino Rural,7813.0,Camioneta,3000.0,23.5,2019.0,En Mantención,253966.0,6.0,4.116033333333333,1.8565957446808512,28.144812680115272,9.0,1.0,3.0
360.0,14,1.0,639.2,53.71,Entregado,Refrigerada,Los Ángeles,Valparaíso,1589.9,0.9,Camino Rural,4864.0,Camioneta,20000.0,49.2,2018.0,Operativo,267419.0,6.0,0.03196,1.0916666666666666,3.059311906409208,9.0,2.0,3.0
361.0,63,59.0,7071.5,40.48,Cancelado,Refrigerada,Villarrica,Coquimbo,1557.6,12.0,Camino Rural,377.0,Furgón,5000.0,75.9,2014.0,En Mantención,94179.0,6.0,1.4143,0.5333333333333332,0.2420390344119158,9.0,3.0,3.0
363.0,3,50.0,4659.1,55.97,Entregado,Frágil,Rancagua,Rengo,679.6,18.4,Urbana,2447.0,Furgón,5000.0,56.7,2017.0,En Mantención,443858.0,6.0,1.105755,0.9871252204585538,3.6006474396703942,9.0,4.0,3.0
364.0,28,1.0,6775.5,15.94,Retrasado,Refrigerada,Las Condes,San Antonio,550.1,6.7,Ruta Nacional,10017.0,Camioneta,20000.0,49.2,2018.0,Operativo,267419.0,6.0,0.338775,0.3239837398373983,18.209416469732776,9.0,5.0,3.0
365.0,29,11.0,5769.1,9.08,Entregado,Refrigerada,Ovalle,Pucón,948.5,20.2,Ruta Nacional,609.0,Van,20000.0,5.3,2017.0,Operativo,476196.0,7.0,0.288455,1.7132075471698114,0.6420664206642066,9.0,5.0,3.0
366.0,18,55.0,6490.7,5.49,Entregado,Refrigerada,Ovalle,Santiago,545.4,7.8,Ruta Nacional,13638.0,Furgón,5000.0,55.5,2021.0,En Mantención,398945.0,6.0,1.29814,0.0989189189189189,25.005500550055007,9.0,6.0,3.0
367.0,35,13.0,14689.1,33.85,Retrasado,Peligrosa,Rancagua,Angol,1308.4,19.1,Autopista,3708.0,Furgón,5000.0,38.1,2018.0,Operativo,235075.0,6.0,1.105755,0.8255102040816326,2.8339957199633137,9.0,0.0,3.0
368.0,77,1.0,1338.6,6.91,En Tránsito,Refrigerada,Cauquenes,La Florida,1827.8,23.6,Camino Rural,12453.0,Camioneta,20000.0,49.2,2018.0,Operativo,267419.0,6.0,0.0669299999999999,0.1404471544715447,6.813108655213918,9.0,1.0,3.0
369.0,76,13.0,13834.2,8.41,Entregado,Frágil,Ovalle,La Serena,647.2,21.9,Ruta Nacional,12546.0,Furgón,5000.0,38.1,2018.0,Operativo,235075.0,7.0,1.105755,0.8255102040816326,19.385043263288008,9.0,1.0,3.0
370.0,47,44.0,7208.7,18.07,Entregado,Refrigerada,San Fernando,La Serena,29.6,3.2,Autopista,8950.0,Semi-Remolque,10000.0,31.05,2022.0,Operativo,306437.0,6.0,0.72087,0.581964573268921,302.36486486486484,9.0,2.0,3.0
371.0,5,16.0,9359.9,16.97,Devuelto,Frágil,Cauquenes,San Fernando,914.3,22.9,Camino Rural,5128.0,Camioneta,1000.0,78.5,2020.0,Fuera De Servicio,115935.0,6.0,9.3599,0.2161783439490445,5.608662364650552,9.0,3.0,3.0
372.0,75,54.0,12454.4,36.29,Cancelado,Perecible,Coquimbo,Santiago,277.6,12.2,Camino Rural,7813.0,Van,5000.0,63.9,2020.0,Operativo,295428.0,6.0,2.49088,0.5679186228482003,28.144812680115272,9.0,4.0,3.0
373.0,59,22.0,5413.3,49.02,Retrasado,General,Temuco,Santiago,1070.4,3.5,Autopista,2117.0,Van,10000.0,47.8,2020.0,Operativo,386924.0,7.0,0.54133,1.0255230125523014,1.977765321375187,9.0,4.0,3.0
374.0,75,42.0,6462.0,45.7,Entregado,Peligrosa,Coquimbo,Santiago,277.6,12.2,Camino Rural,7813.0,Furgón,20000.0,6.7,2016.0,Operativo,456799.0,6.0,0.3231,6.82089552238806,28.144812680115272,9.0,5.0,3.0
375.0,59,18.0,6148.7,15.82,Retrasado,Frágil,Temuco,Santiago,1070.4,3.5,Autopista,2117.0,Furgón,20000.0,38.9,2023.0,En Mantención,243705.0,6.0,0.307435,0.4066838046272494,1.977765321375187,10.0,6.0,4.0
376.0,47,47.0,5627.2,14.79,Entregado,Perecible,San Fernando,La Serena,29.6,3.2,Autopista,8950.0,Furgón,10000.0,54.1,2022.0,Operativo,191502.0,6.0,0.56272,0.2733826247689463,302.36486486486484,10.0,0.0,4.0
377.0,13,17.0,7468.85,57.95,Devuelto,General,San Fernando,Santiago,762.6,19.0,Autopista,7901.0,Furgón,10000.0,31.3,2014.0,Operativo,341278.0,7.0,1.105755,1.8514376996805115,10.360608444794124,10.0,0.0,4.0
379.0,33,10.0,1643.9,52.8,Entregado,General,Las Condes,Osorno,1414.7,13.7,Urbana,10742.0,Van,1000.0,20.7,2024.0,Operativo,431424.0,6.0,1.6439,2.550724637681159,7.593129285360853,10.0,2.0,4.0
380.0,62,35.0,1630.8,12.06,Entregado,Frágil,Rancagua,Rancagua,883.7,11.8,Urbana,3386.0,Semi-Remolque,3000.0,19.9,2022.0,Operativo,409273.0,7.0,0.5436,0.6060301507537689,6.885564797424202,10.0,2.0,4.0
381.0,13,58.0,6423.8,56.84,Retrasado,Perecible,San Fernando,Santiago,762.6,19.0,Autopista,7901.0,Semi-Remolque,1000.0,38.1,2017.0,Operativo,79000.0,6.0,6.4238,1.4918635170603676,10.360608444794124,10.0,3.0,4.0
382.0,16,21.0,1488.9,20.6,Retrasado,Refrigerada,Santiago,San Antonio,1703.5,8.3,Autopista,6641.0,Semi-Remolque,5000.0,63.2,2024.0,Fuera De Servicio,154854.0,6.0,1.105755,0.3259493670886076,3.898444379219255,10.0,4.0,4.0
384.0,58,6.0,2163.9,42.46,En Tránsito,Perecible,Angol,San Fernando,1463.5,20.9,Ruta Nacional,505.0,Camión,1000.0,74.9,2017.0,Fuera De Servicio,145004.0,7.0,2.1639,0.5668891855807743,0.3450632046463956,10.0,5.0,4.0
385.0,6,3.0,7840.4,30.58,Retrasado,Refrigerada,San Fernando,Santiago,883.7,12.2,Autopista,7202.0,Camión,10000.0,69.4,2012.0,En Mantención,478395.0,6.0,0.78404,0.8255102040816326,6.885564797424202,10.0,6.0,4.0
386.0,15,41.0,118.2,19.14,Entregado,Frágil,Talcahuano,Puerto Montt,1750.1,11.8,Autopista,1666.0,Furgón,5000.0,38.8,2014.0,Operativo,33259.0,6.0,1.105755,0.493298969072165,0.9519456031083938,10.0,0.0,4.0
387.0,4,43.0,4755.8,33.27,Retrasado,Frágil,Temuco,Santiago,1182.4,9.6,Autopista,3738.0,Camioneta,5000.0,53.1,2024.0,Fuera De Servicio,89400.0,6.0,0.95116,0.6265536723163843,3.1613667117726654,10.0,1.0,4.0
388.0,56,21.0,10161.1,43.87,Cancelado,Frágil,Quilpué,Puente Alto,572.2,17.1,Camino Rural,9738.0,Semi-Remolque,5000.0,63.2,2024.0,Fuera De Servicio,154854.0,7.0,1.105755,0.6941455696202531,17.018524991261796,10.0,1.0,4.0
389.0,64,13.0,7265.7,2.64,Entregado,Perecible,La Serena,Curicó,1480.2,17.5,Urbana,10844.0,Van,5000.0,22.1,2015.0,Operativo,447261.0,6.0,1.45314,0.1194570135746606,7.32603702202405,10.0,2.0,4.0
390.0,68,18.0,14674.3,0.77,Entregado,Frágil,Osorno,Santiago,883.7,19.4,Urbana,13550.0,Furgón,20000.0,38.9,2023.0,En Mantención,243705.0,6.0,0.733715,0.0197943444730077,6.885564797424202,10.0,3.0,4.0
392.0,56,54.0,5392.5,8.0,Entregado,Frágil,Quilpué,Puente Alto,572.2,17.1,Camino Rural,9738.0,Van,5000.0,63.9,2020.0,Operativo,295428.0,7.0,1.0785,0.1251956181533646,17.018524991261796,10.0,4.0,4.0
393.0,32,60.0,6918.0,39.89,Entregado,Peligrosa,Rancagua,Temuco,234.5,13.8,Urbana,12045.0,Furgón,10000.0,15.6,2018.0,Operativo,235075.0,6.0,0.6918,2.5570512820512823,51.36460554371002,10.0,5.0,4.0
394.0,9,24.0,12685.9,12.92,Retrasado,Frágil,Osorno,Osorno,1555.3,5.1,Ruta Nacional,7202.0,Van,10000.0,16.2,2012.0,Operativo,337731.0,6.0,1.26859,0.7975308641975309,6.885564797424202,10.0,6.0,4.0
395.0,63,27.0,7468.85,26.03,Entregado,Frágil,Villarrica,Coquimbo,1557.6,12.0,Camino Rural,377.0,Van,1000.0,22.1,2010.0,Operativo,88004.0,7.0,1.105755,1.1778280542986426,0.2420390344119158,10.0,6.0,4.0
396.0,72,54.0,12311.2,11.94,Entregado,Frágil,Temuco,Las Condes,751.5,15.8,Urbana,6554.0,Van,5000.0,63.9,2020.0,Operativo,295428.0,7.0,2.46224,0.1868544600938967,8.721224218230207,10.0,0.0,4.0
397.0,78,4.0,1928.0,32.95,En Tránsito,Frágil,Osorno,La Florida,824.4,5.2,Urbana,14342.0,Camioneta,1000.0,49.2,2017.0,Operativo,13823.0,6.0,1.928,0.6697154471544715,17.39689471130519,10.0,1.0,4.0
398.0,33,22.0,14968.7,7.05,En Tránsito,Peligrosa,Las Condes,Osorno,1414.7,13.7,Urbana,10742.0,Van,10000.0,47.8,2020.0,Operativo,386924.0,6.0,1.49687,0.1474895397489539,7.593129285360853,10.0,2.0,4.0
399.0,21,24.0,3886.2,1.48,Cancelado,Refrigerada,Desconocido,Valparaíso,115.0,19.2,Camino Rural,80.0,Van,10000.0,16.2,2012.0,Operativo,337731.0,7.0,0.3886199999999999,0.091358024691358,0.6956521739130435,10.0,2.0,4.0
400.0,55,40.0,10865.8,3.16,Entregado,Frágil,Viña del Mar,Viña del Mar,669.1,3.0,Autopista,13286.0,Camioneta,3000.0,23.5,2019.0,En Mantención,253966.0,6.0,3.621933333333333,0.1344680851063829,19.85652368853684,10.0,3.0,4.0
402.0,57,10.0,3542.9,8.62,Cancelado,Refrigerada,Villarrica,La Serena,1114.8,12.2,Autopista,2453.0,Van,1000.0,20.7,2024.0,Operativo,431424.0,6.0,3.5429,0.4164251207729468,2.200394689630427,10.0,5.0,4.0
403.0,2,2.0,7468.85,42.54,En Tránsito,Refrigerada,Desconocido,Castro,507.2,19.5,Camino Rural,12065.0,Furgón,5000.0,38.7,2019.0,Operativo,179180.0,7.0,1.105755,1.0992248062015504,23.787460567823345,10.0,5.0,4.0
404.0,13,40.0,4649.1,4.17,Entregado,Frágil,San Fernando,Santiago,762.6,19.0,Autopista,7901.0,Camioneta,3000.0,23.5,2019.0,En Mantención,253966.0,6.0,1.5497,0.1774468085106383,10.360608444794124,10.0,6.0,4.0
406.0,50,48.0,4226.1,30.58,Cancelado,General,Angol,Los Ángeles,426.6,9.1,Autopista,12235.0,Furgón,10000.0,36.2,2021.0,Operativo,117009.0,7.0,0.42261,0.8447513812154696,28.68026254102203,10.0,0.0,4.0
407.0,48,18.0,14302.0,27.95,Entregado,Peligrosa,Villarrica,Santiago,483.8,7.7,Autopista,9072.0,Furgón,20000.0,38.9,2023.0,En Mantención,243705.0,7.0,0.7151,0.718508997429306,18.75155022736668,10.0,1.0,4.0
408.0,78,17.0,812.6,57.1,Cancelado,Peligrosa,Osorno,La Florida,824.4,5.2,Urbana,14342.0,Furgón,10000.0,31.3,2014.0,Operativo,341278.0,6.0,0.08126,1.8242811501597445,17.39689471130519,10.0,2.0,4.0
409.0,30,38.0,10642.0,56.7,Retrasado,Refrigerada,Linares,San Fernando,1424.9,1.3,Autopista,5861.0,Camioneta,5000.0,69.7,2015.0,Operativo,37268.0,6.0,2.1284,0.8134863701578192,4.113271106744333,10.0,3.0,4.0
411.0,8,23.0,7173.4,36.17,En Tránsito,Perecible,Osorno,Quilpué,31.2,10.6,Autopista,14632.0,Camión,1000.0,62.1,2024.0,Operativo,397688.0,7.0,7.1734,0.5824476650563607,468.974358974359,10.0,4.0,4.0
412.0,12,46.0,3360.2,27.35,Entregado,Peligrosa,Cauquenes,Los Ángeles,1225.7,3.4,Autopista,4699.0,Camión,10000.0,20.5,2022.0,En Mantención,17043.0,6.0,0.33602,1.3341463414634147,3.833727665823611,10.0,5.0,4.0
414.0,26,58.0,2870.2,56.83,Retrasado,Peligrosa,Rancagua,Los Ángeles,1490.8,8.4,Autopista,10265.0,Semi-Remolque,1000.0,38.1,2017.0,Operativo,79000.0,7.0,2.8702,1.4916010498687664,6.885564797424202,10.0,6.0,4.0
415.0,50,21.0,8297.1,36.21,En Tránsito,Frágil,Angol,Los Ángeles,426.6,9.1,Autopista,12235.0,Semi-Remolque,5000.0,63.2,2024.0,Fuera De Servicio,154854.0,7.0,1.105755,0.5729430379746835,28.68026254102203,10.0,0.0,4.0
416.0,2,10.0,3806.1,34.79,Entregado,Frágil,Desconocido,Castro,507.2,19.5,Camino Rural,12065.0,Van,1000.0,20.7,2024.0,Operativo,431424.0,6.0,3.8061,1.6806763285024156,23.787460567823345,10.0,1.0,4.0
417.0,55,56.0,14334.8,13.99,Retrasado,Peligrosa,Viña del Mar,Viña del Mar,669.1,3.0,Autopista,13286.0,Camioneta,10000.0,13.6,2014.0,Operativo,123259.0,7.0,1.43348,1.0286764705882354,19.85652368853684,10.0,1.0,4.0
418.0,56,43.0,439.2,2.9,Entregado,Refrigerada,Quilpué,Puente Alto,572.2,17.1,Camino Rural,9738.0,Camioneta,5000.0,53.1,2024.0,Fuera De Servicio,89400.0,7.0,0.08784,0.0546139359698681,17.018524991261796,11.0,2.0,4.0
419.0,14,13.0,3003.9,56.72,Entregado,Frágil,Los Ángeles,Valparaíso,1589.9,0.9,Camino Rural,4864.0,Van,5000.0,22.1,2015.0,Operativo,447261.0,6.0,0.60078,2.566515837104072,3.059311906409208,11.0,3.0,4.0
420.0,6,12.0,3642.2,18.89,Entregado,Frágil,San Fernando,Santiago,883.7,12.2,Autopista,7202.0,Furgón,20000.0,23.1,2010.0,Operativo,282654.0,6.0,0.18211,0.8177489177489177,6.885564797424202,11.0,4.0,4.0
421.0,61,9.0,6216.9,26.61,Entregado,General,Chillán,Rengo,1903.4,12.2,Urbana,2689.0,Van,5000.0,39.1,2022.0,Fuera De Servicio,77965.0,7.0,1.24338,0.6805626598465473,1.4127351056005042,11.0,4.0,4.0
422.0,12,4.0,3498.6,6.97,Devuelto,Frágil,Cauquenes,Los Ángeles,1225.7,3.4,Autopista,4699.0,Camioneta,1000.0,49.2,2017.0,Operativo,13823.0,7.0,3.4986,0.1416666666666666,3.833727665823611,11.0,5.0,4.0
423.0,13,39.0,7375.3,50.23,En Tránsito,General,San Fernando,Santiago,762.6,19.0,Autopista,7901.0,Furgón,5000.0,38.1,2018.0,Operativo,235075.0,6.0,1.105755,0.8255102040816326,10.360608444794124,11.0,6.0,4.0
425.0,44,54.0,10683.8,50.06,En Tránsito,Frágil,Ovalle,Santiago,799.5,1.4,Camino Rural,13523.0,Van,5000.0,63.9,2020.0,Operativo,295428.0,7.0,2.13676,0.7834115805946792,16.914321450906815,11.0,0.0,4.0
426.0,59,34.0,8703.6,8.5,Entregado,Refrigerada,Temuco,Santiago,1070.4,3.5,Autopista,2117.0,Camioneta,3000.0,14.8,2020.0,Operativo,374404.0,7.0,2.9012,0.5743243243243243,1.977765321375187,11.0,1.0,4.0
428.0,25,41.0,10412.9,43.81,En Tránsito,Frágil,Coquimbo,Concepción,213.5,1.2,Ruta Nacional,6799.0,Furgón,5000.0,38.8,2014.0,Operativo,33259.0,6.0,1.105755,1.1291237113402064,31.84543325526932,11.0,3.0,4.0
429.0,16,5.0,2504.6,9.96,Cancelado,Peligrosa,Santiago,San Antonio,1703.5,8.3,Autopista,6641.0,Semi-Remolque,3000.0,42.4,2010.0,Operativo,154526.0,7.0,0.8348666666666666,0.2349056603773585,3.898444379219255,11.0,3.0,4.0
430.0,38,15.0,11797.6,33.99,Retrasado,Peligrosa,Pucón,Cauquenes,374.6,15.0,Urbana,2710.0,Furgón,5000.0,38.6,2023.0,Operativo,475899.0,7.0,1.105755,0.8805699481865286,7.234383342231713,11.0,4.0,4.0
431.0,43,50.0,3758.4,18.83,Entregado,Refrigerada,Puente Alto,Temuco,872.6,10.0,Camino Rural,7140.0,Furgón,5000.0,56.7,2017.0,En Mantención,443858.0,6.0,1.105755,0.3320987654320987,8.18244327297731,11.0,5.0,4.0
432.0,14,4.0,6261.6,10.78,Entregado,Peligrosa,Los Ángeles,Valparaíso,1589.9,0.9,Camino Rural,4864.0,Camioneta,1000.0,49.2,2017.0,Operativo,13823.0,7.0,6.2616000000000005,0.2191056910569105,3.059311906409208,11.0,5.0,4.0
433.0,6,51.0,5263.5,51.57,Entregado,Refrigerada,San Fernando,Santiago,883.7,12.2,Autopista,7202.0,Van,10000.0,47.4,2024.0,Operativo,219137.0,7.0,0.52635,1.0879746835443038,6.885564797424202,11.0,6.0,4.0
434.0,23,52.0,7468.85,24.27,Entregado,Refrigerada,Chillán,Valparaíso,1884.9,16.5,Autopista,9906.0,Semi-Remolque,5000.0,69.4,2013.0,En Mantención,171940.0,7.0,1.105755,0.3497118155619596,5.255451217571224,11.0,0.0,4.0
436.0,12,39.0,8489.0,10.28,En Tránsito,General,Cauquenes,Los Ángeles,1225.7,3.4,Autopista,4699.0,Furgón,5000.0,38.1,2018.0,Operativo,235075.0,7.0,1.105755,0.8255102040816326,3.833727665823611,11.0,1.0,4.0
437.0,13,58.0,7468.85,23.05,Entregado,Peligrosa,San Fernando,Santiago,762.6,19.0,Autopista,7901.0,Semi-Remolque,1000.0,38.1,2017.0,Operativo,79000.0,7.0,1.105755,0.60498687664042,10.360608444794124,11.0,2.0,4.0
438.0,6,8.0,10574.9,52.31,Entregado,Peligrosa,San Fernando,Santiago,883.7,12.2,Autopista,7202.0,Furgón,5000.0,38.1,2018.0,Operativo,235075.0,6.0,1.105755,0.8255102040816326,6.885564797424202,11.0,3.0,4.0
439.0,63,49.0,13577.1,30.58,Retrasado,Refrigerada,Villarrica,Coquimbo,1557.6,12.0,Camino Rural,377.0,Camión,20000.0,18.5,2018.0,Operativo,311037.0,6.0,0.678855,0.8255102040816326,0.2420390344119158,11.0,4.0,4.0
440.0,13,13.0,6524.8,57.1,Entregado,Peligrosa,San Fernando,Santiago,762.6,19.0,Autopista,7901.0,Furgón,5000.0,38.1,2018.0,Operativo,235075.0,7.0,1.105755,0.8255102040816326,10.360608444794124,11.0,4.0,4.0
441.0,50,24.0,7326.5,30.58,Retrasado,Frágil,Angol,Los Ángeles,426.6,9.1,Autopista,12235.0,Van,10000.0,16.2,2012.0,Operativo,337731.0,7.0,0.73265,0.8255102040816326,28.68026254102203,11.0,5.0,4.0
442.0,52,13.0,13912.1,8.78,Entregado,Frágil,San Fernando,Santiago,883.7,12.2,Autopista,7202.0,Furgón,5000.0,38.1,2018.0,Operativo,235075.0,6.0,1.105755,0.8255102040816326,6.885564797424202,11.0,6.0,4.0
444.0,8,55.0,7319.1,51.77,Entregado,Perecible,Osorno,Quilpué,31.2,10.6,Autopista,14632.0,Furgón,5000.0,55.5,2021.0,En Mantención,398945.0,7.0,1.46382,0.9327927927927928,468.974358974359,11.0,0.0,4.0
445.0,61,43.0,7468.85,23.63,En Tránsito,Perecible,Chillán,Rengo,1903.4,12.2,Urbana,2689.0,Camioneta,5000.0,53.1,2024.0,Fuera De Servicio,89400.0,7.0,1.105755,0.4450094161958568,1.4127351056005042,11.0,1.0,4.0
450.0,57,37.0,1094.5,8.09,En Tránsito,Refrigerada,Villarrica,La Serena,1114.8,12.2,Autopista,2453.0,Semi-Remolque,5000.0,9.8,2019.0,Operativo,40916.0,6.0,0.2189,0.8255102040816326,2.200394689630427,11.0,5.0,4.0
451.0,46,38.0,11794.9,6.72,Retrasado,Peligrosa,San Fernando,La Serena,314.7,12.2,Ruta Nacional,4798.0,Camioneta,5000.0,69.7,2015.0,Operativo,37268.0,7.0,2.35898,0.0964131994261119,15.246266285351128,11.0,5.0,4.0
452.0,22,26.0,5660.5,55.33,Retrasado,General,Castro,Talca,919.3,23.7,Urbana,4921.0,Semi-Remolque,5000.0,24.0,2016.0,Operativo,347864.0,7.0,1.1321,2.3054166666666664,5.352985967584032,11.0,6.0,4.0
453.0,40,57.0,1514.5,45.09,Retrasado,Frágil,Cauquenes,Viña del Mar,662.3,10.0,Camino Rural,4915.0,Camión,5000.0,57.1,2016.0,Operativo,110804.0,7.0,0.3029,0.7896672504378284,7.421108259097086,11.0,0.0,4.0
454.0,45,24.0,9510.3,35.43,Entregado,Frágil,Ovalle,Quilpué,1876.7,13.5,Autopista,521.0,Van,10000.0,16.2,2012.0,Operativo,337731.0,6.0,0.95103,2.187037037037037,0.2776149624340597,11.0,1.0,4.0
455.0,55,39.0,13203.2,46.17,Entregado,Refrigerada,Viña del Mar,Viña del Mar,669.1,3.0,Autopista,13286.0,Furgón,5000.0,38.1,2018.0,Operativo,235075.0,7.0,1.105755,0.8255102040816326,19.85652368853684,11.0,1.0,4.0
456.0,51,60.0,7468.85,25.79,En Tránsito,General,Puente Alto,Castro,489.3,6.2,Ruta Nacional,941.0,Furgón,10000.0,15.6,2018.0,Operativo,235075.0,7.0,1.105755,1.653205128205128,1.9231555283057429,11.0,2.0,4.0
457.0,5,21.0,14365.4,45.53,En Tránsito,Perecible,Cauquenes,San Fernando,914.3,22.9,Camino Rural,5128.0,Semi-Remolque,5000.0,63.2,2024.0,Fuera De Servicio,154854.0,6.0,1.105755,0.7204113924050632,5.608662364650552,11.0,3.0,4.0
459.0,28,47.0,42.1,14.72,Entregado,Peligrosa,Las Condes,San Antonio,550.1,6.7,Ruta Nacional,10017.0,Furgón,10000.0,54.1,2022.0,Operativo,191502.0,7.0,0.00421,0.2720887245841035,18.209416469732776,12.0,4.0,4.0
460.0,80,51.0,5709.8,43.77,Entregado,Peligrosa,Puerto Montt,Viña del Mar,235.8,1.8,Ruta Nacional,3117.0,Van,10000.0,47.4,2024.0,Operativo,219137.0,7.0,0.57098,0.9234177215189876,13.21882951653944,12.0,5.0,4.0
461.0,13,48.0,12280.0,25.24,En Tránsito,Peligrosa,San Fernando,Santiago,762.6,19.0,Autopista,7901.0,Furgón,10000.0,36.2,2021.0,Operativo,117009.0,6.0,1.228,0.6972375690607734,10.360608444794124,12.0,6.0,4.0
462.0,24,57.0,5500.1,58.88,Cancelado,Peligrosa,Castro,Chillán,1776.8,12.2,Autopista,10956.0,Camión,5000.0,57.1,2016.0,Operativo,110804.0,7.0,1.10002,1.0311733800350262,6.166141377757767,12.0,6.0,4.0
463.0,7,13.0,9027.2,21.03,Cancelado,Peligrosa,Rengo,Angol,435.0,23.1,Autopista,8725.0,Van,5000.0,22.1,2015.0,Operativo,447261.0,7.0,1.80544,0.9515837104072398,20.057471264367816,12.0,0.0,4.0
464.0,13,37.0,9098.7,30.58,Entregado,Perecible,San Fernando,Santiago,762.6,19.0,Autopista,7901.0,Semi-Remolque,5000.0,9.8,2019.0,Operativo,40916.0,7.0,1.81974,0.8255102040816326,10.360608444794124,12.0,1.0,4.0
465.0,37,3.0,5481.7,30.58,Entregado,Frágil,Viña del Mar,San Antonio,723.1,7.8,Urbana,1551.0,Camión,10000.0,69.4,2012.0,En Mantención,478395.0,6.0,0.5481699999999999,0.8255102040816326,2.144931544737934,12.0,2.0,4.0
466.0,68,32.0,13568.1,14.59,Entregado,General,Osorno,Santiago,883.7,19.4,Urbana,13550.0,Camioneta,5000.0,78.9,2022.0,En Mantención,235075.0,7.0,2.71362,0.1849176172370088,6.885564797424202,12.0,2.0,4.0
467.0,42,35.0,7553.4,47.91,Entregado,Frágil,La Florida,San Antonio,254.0,12.2,Ruta Nacional,7465.0,Semi-Remolque,3000.0,19.9,2022.0,Operativo,409273.0,7.0,2.5178,2.407537688442212,29.38976377952756,12.0,3.0,4.0
468.0,5,19.0,6977.1,26.04,Devuelto,General,Cauquenes,San Fernando,914.3,22.9,Camino Rural,5128.0,Van,20000.0,15.0,2014.0,Operativo,344398.0,7.0,0.348855,1.736,5.608662364650552,12.0,4.0,4.0
471.0,15,22.0,2684.2,44.68,Entregado,Refrigerada,Talcahuano,Puerto Montt,1750.1,11.8,Autopista,1666.0,Van,10000.0,47.8,2020.0,Operativo,386924.0,7.0,0.26842,0.9347280334728034,0.9519456031083938,12.0,6.0,4.0
476.0,38,40.0,10623.3,45.35,Devuelto,Refrigerada,Pucón,Cauquenes,374.6,15.0,Urbana,2710.0,Camioneta,3000.0,23.5,2019.0,En Mantención,253966.0,6.0,3.5411,1.9297872340425533,7.234383342231713,12.0,3.0,4.0
477.0,22,19.0,3820.7,36.34,Entregado,Frágil,Castro,Talca,919.3,23.7,Urbana,4921.0,Van,20000.0,15.0,2014.0,Operativo,344398.0,7.0,0.1910349999999999,2.4226666666666667,5.352985967584032,12.0,3.0,4.0
478.0,13,37.0,12932.6,41.35,Retrasado,General,San Fernando,Santiago,762.6,19.0,Autopista,7901.0,Semi-Remolque,5000.0,9.8,2019.0,Operativo,40916.0,7.0,2.58652,4.219387755102041,10.360608444794124,12.0,4.0,4.0
479.0,68,2.0,13402.7,17.01,Entregado,Perecible,Osorno,Santiago,883.7,19.4,Urbana,13550.0,Furgón,5000.0,38.7,2019.0,Operativo,179180.0,7.0,2.68054,0.4395348837209302,6.885564797424202,12.0,5.0,4.0
480.0,15,15.0,2920.3,30.58,En Tránsito,Refrigerada,Talcahuano,Puerto Montt,1750.1,11.8,Autopista,1666.0,Furgón,5000.0,38.6,2023.0,Operativo,475899.0,6.0,1.105755,0.8255102040816326,0.9519456031083938,12.0,6.0,4.0
481.0,65,2.0,1965.5,2.76,Entregado,General,Desconocido,Puente Alto,1787.0,22.5,Urbana,7202.0,Furgón,5000.0,38.7,2019.0,Operativo,179180.0,7.0,0.3931,0.0713178294573643,6.885564797424202,12.0,6.0,4.0
482.0,54,11.0,14634.3,49.07,Entregado,Peligrosa,Pucón,Osorno,147.7,21.5,Urbana,2006.0,Van,20000.0,5.3,2017.0,Operativo,476196.0,7.0,0.731715,9.258490566037736,13.581584292484768,12.0,0.0,4.0
486.0,77,3.0,8129.9,10.27,Entregado,Peligrosa,Cauquenes,La Florida,1827.8,23.6,Camino Rural,12453.0,Camión,10000.0,69.4,2012.0,En Mantención,478395.0,7.0,0.81299,0.1479827089337175,6.813108655213918,12.0,3.0,4.0
487.0,7,5.0,7468.85,39.19,En Tránsito,Perecible,Rengo,Angol,435.0,23.1,Autopista,8725.0,Semi-Remolque,3000.0,42.4,2010.0,Operativo,154526.0,7.0,1.105755,0.9242924528301888,20.057471264367816,12.0,4.0,4.0
488.0,8,3.0,8185.0,36.76,Cancelado,General,Osorno,Quilpué,31.2,10.6,Autopista,14632.0,Camión,10000.0,69.4,2012.0,En Mantención,478395.0,7.0,0.8185,0.5296829971181556,468.974358974359,12.0,4.0,4.0
489.0,28,38.0,777.6,47.29,Entregado,Peligrosa,Las Condes,San Antonio,550.1,6.7,Ruta Nacional,10017.0,Camioneta,5000.0,69.7,2015.0,Operativo,37268.0,7.0,0.15552,0.6784791965566714,18.209416469732776,12.0,5.0,4.0
490.0,45,13.0,11185.1,15.31,Entregado,Frágil,Ovalle,Quilpué,1876.7,13.5,Autopista,521.0,Van,5000.0,22.1,2015.0,Operativo,447261.0,7.0,2.23702,0.6927601809954751,0.2776149624340597,12.0,6.0,4.0
491.0,73,42.0,7584.9,45.84,Retrasado,Peligrosa,Maipú,Santiago,468.4,5.2,Ruta Nacional,11768.0,Furgón,20000.0,6.7,2016.0,Operativo,456799.0,7.0,0.379245,6.841791044776119,25.123825789923146,12.0,0.0,4.0
492.0,80,19.0,7468.85,41.31,En Tránsito,Refrigerada,Puerto Montt,Viña del Mar,235.8,1.8,Ruta Nacional,3117.0,Van,20000.0,15.0,2014.0,Operativo,344398.0,7.0,1.105755,2.754,13.21882951653944,12.0,0.0,4.0
493.0,74,40.0,7544.6,19.44,Entregado,Refrigerada,Coquimbo,Puerto Montt,1126.4,6.1,Urbana,1399.0,Camioneta,3000.0,23.5,2019.0,En Mantención,253966.0,7.0,2.514866666666667,0.8272340425531916,1.242009943181818,12.0,1.0,4.0
494.0,11,13.0,7382.3,32.77,Entregado,Perecible,La Serena,Rengo,128.4,16.6,Urbana,68.0,Furgón,5000.0,38.1,2018.0,Operativo,235075.0,7.0,1.105755,0.8255102040816326,0.5295950155763239,12.0,2.0,4.0
495.0,31,35.0,2585.1,8.92,Entregado,Perecible,Castro,Concepción,883.7,12.7,Ruta Nacional,11863.0,Semi-Remolque,3000.0,19.9,2022.0,Operativo,409273.0,7.0,0.8617,0.4482412060301508,13.424238995134097,12.0,2.0,4.0
496.0,13,24.0,4187.9,27.21,Entregado,Refrigerada,San Fernando,Santiago,762.6,19.0,Autopista,7901.0,Van,10000.0,16.2,2012.0,Operativo,337731.0,7.0,0.4187899999999999,1.6796296296296298,10.360608444794124,12.0,3.0,4.0
497.0,78,24.0,2391.2,52.88,Cancelado,Refrigerada,Osorno,La Florida,824.4,5.2,Urbana,14342.0,Van,10000.0,16.2,2012.0,Operativo,337731.0,7.0,0.2391199999999999,3.2641975308641977,17.39689471130519,12.0,4.0,4.0
498.0,51,17.0,2943.0,25.33,Retrasado,General,Puente Alto,Castro,489.3,6.2,Ruta Nacional,941.0,Furgón,10000.0,31.3,2014.0,Operativo,341278.0,7.0,0.2943,0.8092651757188498,1.9231555283057429,12.0,5.0,4.0
500.0,50,10.0,2305.2,35.46,Entregado,Perecible,Angol,Los Ángeles,426.6,9.1,Autopista,12235.0,Van,1000.0,20.7,2024.0,Operativo,431424.0,7.0,2.3052,1.7130434782608697,28.68026254102203,12.0,6.0,4.0
501.0,17,13.0,4046.4,11.59,Entregado,Refrigerada,Maipú,Rancagua,1556.6,17.9,Autopista,3799.0,Furgón,5000.0,38.1,2018.0,Operativo,235075.0,7.0,1.105755,0.8255102040816326,2.4405756135166388,1.0,0.0,1.0
502.0,35,44.0,7468.85,34.91,Cancelado,Perecible,Rancagua,Angol,1308.4,19.1,Autopista,3708.0,Semi-Remolque,10000.0,31.05,2022.0,Operativo,306437.0,7.0,1.105755,1.1243156199677935,2.8339957199633137,1.0,1.0,1.0
504.0,29,6.0,2318.1,23.98,Entregado,Refrigerada,Ovalle,Pucón,948.5,20.2,Ruta Nacional,609.0,Camión,1000.0,74.9,2017.0,Fuera De Servicio,145004.0,7.0,2.3181,0.3201602136181575,0.6420664206642066,1.0,2.0,1.0
505.0,51,2.0,11907.8,7.27,Entregado,Perecible,Puente Alto,Castro,489.3,6.2,Ruta Nacional,941.0,Furgón,5000.0,38.7,2019.0,Operativo,179180.0,7.0,2.38156,0.1878552971576227,1.9231555283057429,1.0,3.0,1.0
507.0,4,55.0,3567.4,30.58,Entregado,General,Temuco,Santiago,1182.4,9.6,Autopista,3738.0,Furgón,5000.0,55.5,2021.0,En Mantención,398945.0,7.0,0.71348,0.8255102040816326,3.1613667117726654,1.0,4.0,1.0
508.0,28,13.0,4337.1,6.02,Entregado,Perecible,Las Condes,San Antonio,550.1,6.7,Ruta Nacional,10017.0,Furgón,5000.0,38.1,2018.0,Operativo,235075.0,7.0,1.105755,0.8255102040816326,18.209416469732776,1.0,5.0,1.0
509.0,16,35.0,14070.4,25.01,Cancelado,Refrigerada,Santiago,San Antonio,1703.5,8.3,Autopista,6641.0,Semi-Remolque,3000.0,19.9,2022.0,Operativo,409273.0,7.0,4.690133333333333,1.2567839195979902,3.898444379219255,1.0,6.0,1.0
510.0,63,49.0,12386.8,18.39,En Tránsito,Refrigerada,Villarrica,Coquimbo,1557.6,12.0,Camino Rural,377.0,Camión,20000.0,18.5,2018.0,Operativo,311037.0,7.0,0.61934,0.994054054054054,0.2420390344119158,1.0,6.0,1.0
512.0,53,7.0,1242.7,22.6,Retrasado,Peligrosa,Temuco,Coquimbo,1433.7,5.1,Autopista,7421.0,Furgón,10000.0,48.7,2022.0,Operativo,235075.0,7.0,0.12427,0.4640657084188911,5.17611773732301,1.0,1.0,1.0
514.0,40,53.0,8393.9,31.86,Entregado,Peligrosa,Cauquenes,Viña del Mar,662.3,10.0,Camino Rural,4915.0,Camioneta,20000.0,13.8,2022.0,Operativo,298453.0,7.0,0.419695,2.308695652173913,7.421108259097086,1.0,2.0,1.0
515.0,13,37.0,2819.3,42.27,En Tránsito,Refrigerada,San Fernando,Santiago,762.6,19.0,Autopista,7901.0,Semi-Remolque,5000.0,9.8,2019.0,Operativo,40916.0,7.0,0.56386,4.313265306122449,10.360608444794124,1.0,3.0,1.0
516.0,52,23.0,6728.9,30.58,Entregado,General,San Fernando,Santiago,883.7,12.2,Autopista,7202.0,Camión,1000.0,62.1,2024.0,Operativo,397688.0,7.0,6.728899999999999,0.8255102040816326,6.885564797424202,1.0,4.0,1.0
518.0,37,8.0,4917.4,31.85,Retrasado,Frágil,Viña del Mar,San Antonio,723.1,7.8,Urbana,1551.0,Furgón,5000.0,38.1,2018.0,Operativo,235075.0,7.0,1.105755,0.8255102040816326,2.144931544737934,1.0,5.0,1.0
519.0,79,12.0,11716.4,49.9,Cancelado,Perecible,Villarrica,Puente Alto,1499.0,3.7,Autopista,10474.0,Furgón,20000.0,23.1,2010.0,Operativo,282654.0,7.0,0.58582,2.16017316017316,6.987324883255504,1.0,6.0,1.0
520.0,76,46.0,12608.3,21.97,En Tránsito,General,Ovalle,La Serena,647.2,21.9,Ruta Nacional,12546.0,Camión,10000.0,20.5,2022.0,En Mantención,17043.0,7.0,1.26083,1.0717073170731706,19.385043263288008,1.0,0.0,1.0
521.0,61,48.0,4860.9,30.58,Entregado,Refrigerada,Chillán,Rengo,1903.4,12.2,Urbana,2689.0,Furgón,10000.0,36.2,2021.0,Operativo,117009.0,8.0,0.4860899999999999,0.8255102040816326,1.4127351056005042,1.0,0.0,1.0
523.0,34,15.0,1562.6,0.56,Entregado,Refrigerada,Ovalle,Rancagua,1824.2,11.7,Urbana,3064.0,Furgón,5000.0,38.6,2023.0,Operativo,475899.0,7.0,1.105755,0.0145077720207253,1.6796403903080803,1.0,2.0,1.0
524.0,70,53.0,12567.6,28.57,Entregado,General,Talcahuano,Curicó,467.1,23.7,Autopista,13463.0,Camioneta,20000.0,13.8,2022.0,Operativo,298453.0,7.0,0.62838,2.070289855072464,28.822521943909223,1.0,3.0,1.0
525.0,17,24.0,2299.7,11.65,Entregado,Frágil,Maipú,Rancagua,1556.6,17.9,Autopista,3799.0,Van,10000.0,16.2,2012.0,Operativo,337731.0,8.0,0.2299699999999999,0.7191358024691359,2.4405756135166388,1.0,3.0,1.0
526.0,20,26.0,1253.1,37.68,En Tránsito,Frágil,Viña del Mar,Santiago,1071.6,14.5,Ruta Nacional,737.0,Semi-Remolque,5000.0,24.0,2016.0,Operativo,347864.0,7.0,0.25062,1.57,0.6877566256065697,1.0,4.0,1.0
527.0,73,47.0,9630.2,30.58,Entregado,General,Maipú,Santiago,468.4,5.2,Ruta Nacional,11768.0,Furgón,10000.0,54.1,2022.0,Operativo,191502.0,7.0,0.96302,0.8255102040816326,25.123825789923146,1.0,5.0,1.0
528.0,59,42.0,7084.3,27.92,Entregado,Perecible,Temuco,Santiago,1070.4,3.5,Autopista,2117.0,Furgón,20000.0,6.7,2016.0,Operativo,456799.0,7.0,0.354215,4.167164179104478,1.977765321375187,1.0,6.0,1.0
529.0,13,53.0,13619.3,49.07,En Tránsito,Frágil,San Fernando,Santiago,762.6,19.0,Autopista,7901.0,Camioneta,20000.0,13.8,2022.0,Operativo,298453.0,7.0,0.6809649999999999,3.555797101449276,10.360608444794124,1.0,6.0,1.0
530.0,13,60.0,5454.2,30.52,Entregado,General,San Fernando,Santiago,762.6,19.0,Autopista,7901.0,Furgón,10000.0,15.6,2018.0,Operativo,235075.0,7.0,0.54542,1.9564102564102563,10.360608444794124,1.0,0.0,1.0
532.0,17,58.0,7516.0,55.83,Entregado,Refrigerada,Maipú,Rancagua,1556.6,17.9,Autopista,3799.0,Semi-Remolque,1000.0,38.1,2017.0,Operativo,79000.0,7.0,7.516,1.4653543307086614,2.4405756135166388,1.0,2.0,1.0
534.0,1,2.0,5173.0,47.17,Cancelado,Peligrosa,La Florida,Pucón,420.3,6.3,Camino Rural,13931.0,Furgón,5000.0,38.7,2019.0,Operativo,179180.0,7.0,1.0346,1.2188630490956072,33.14537235308113,1.0,3.0,1.0
536.0,27,21.0,7468.85,32.75,Entregado,Perecible,Chillán,Pucón,1613.5,3.0,Ruta Nacional,5399.0,Semi-Remolque,5000.0,63.2,2024.0,Fuera De Servicio,154854.0,8.0,1.105755,0.5181962025316456,3.34614192748683,1.0,4.0,1.0
537.0,70,9.0,12796.2,13.51,Cancelado,General,Talcahuano,Curicó,467.1,23.7,Autopista,13463.0,Van,5000.0,39.1,2022.0,Fuera De Servicio,77965.0,7.0,2.55924,0.3455242966751918,28.822521943909223,1.0,5.0,1.0
539.0,6,36.0,4007.2,29.1,Entregado,General,San Fernando,Santiago,883.7,12.2,Autopista,7202.0,Camioneta,5000.0,49.1,2023.0,Operativo,138259.0,7.0,0.8014399999999999,0.5926680244399185,6.885564797424202,1.0,0.0,1.0
540.0,23,13.0,10744.2,49.92,Entregado,Frágil,Chillán,Valparaíso,1884.9,16.5,Autopista,9906.0,Furgón,5000.0,38.1,2018.0,Operativo,235075.0,8.0,1.105755,0.8255102040816326,5.255451217571224,1.0,0.0,1.0
541.0,10,3.0,5919.9,53.77,Entregado,Perecible,Curicó,Curicó,1645.1,15.2,Urbana,6351.0,Camión,10000.0,69.4,2012.0,En Mantención,478395.0,7.0,0.59199,0.7747838616714697,3.860555589325877,1.0,1.0,1.0
542.0,51,41.0,10159.5,24.94,Entregado,Perecible,Puente Alto,Castro,489.3,6.2,Ruta Nacional,941.0,Furgón,5000.0,38.8,2014.0,Operativo,33259.0,7.0,1.105755,0.6427835051546392,1.9231555283057429,1.0,2.0,1.0
543.0,19,24.0,7145.0,1.16,Entregado,Peligrosa,Puerto Montt,Talca,1625.7,19.9,Urbana,1526.0,Van,10000.0,16.2,2012.0,Operativo,337731.0,7.0,0.7145,0.0716049382716049,0.938672571815218,2.0,3.0,1.0
544.0,51,22.0,14906.7,51.72,Entregado,Perecible,Puente Alto,Castro,489.3,6.2,Ruta Nacional,941.0,Van,10000.0,47.8,2020.0,Operativo,386924.0,8.0,1.4906700000000002,1.0820083682008368,1.9231555283057429,2.0,3.0,1.0
546.0,42,14.0,7468.85,37.35,Entregado,Perecible,La Florida,San Antonio,254.0,12.2,Ruta Nacional,7465.0,Furgón,1000.0,33.5,2016.0,Operativo,151609.0,7.0,1.105755,1.1149253731343285,29.38976377952756,2.0,5.0,1.0
547.0,57,42.0,12526.2,1.6,En Tránsito,Frágil,Villarrica,La Serena,1114.8,12.2,Autopista,2453.0,Furgón,20000.0,6.7,2016.0,Operativo,456799.0,8.0,0.62631,0.2388059701492537,2.200394689630427,2.0,5.0,1.0
550.0,62,27.0,6892.8,6.13,En Tránsito,Frágil,Rancagua,Rancagua,883.7,11.8,Urbana,3386.0,Van,1000.0,22.1,2010.0,Operativo,88004.0,7.0,6.8928,0.2773755656108597,6.885564797424202,2.0,1.0,1.0
551.0,7,33.0,3784.3,25.48,Devuelto,Peligrosa,Rengo,Angol,435.0,23.1,Autopista,8725.0,Van,3000.0,28.1,2017.0,Operativo,186774.0,8.0,1.2614333333333334,0.9067615658362989,20.057471264367816,2.0,1.0,1.0
552.0,71,60.0,5561.1,18.5,Entregado,Peligrosa,Rancagua,Maipú,487.0,15.1,Urbana,6707.0,Furgón,10000.0,15.6,2018.0,Operativo,235075.0,7.0,0.55611,1.185897435897436,13.772073921971252,2.0,2.0,1.0
553.0,50,22.0,313.3,54.31,Entregado,Peligrosa,Angol,Los Ángeles,426.6,9.1,Autopista,12235.0,Van,10000.0,47.8,2020.0,Operativo,386924.0,7.0,0.03133,1.136192468619247,28.68026254102203,2.0,3.0,1.0
554.0,52,29.0,7864.7,52.17,Cancelado,Frágil,San Fernando,Santiago,883.7,12.2,Autopista,7202.0,Camión,10000.0,14.8,2018.0,Fuera De Servicio,91015.0,7.0,0.78647,3.525,6.885564797424202,2.0,4.0,1.0
555.0,26,19.0,7580.8,14.34,Cancelado,Peligrosa,Rancagua,Los Ángeles,1490.8,8.4,Autopista,10265.0,Van,20000.0,15.0,2014.0,Operativo,344398.0,8.0,0.37904,0.956,6.885564797424202,2.0,4.0,1.0
556.0,26,19.0,7883.5,4.96,En Tránsito,Perecible,Rancagua,Los Ángeles,1490.8,8.4,Autopista,10265.0,Van,20000.0,15.0,2014.0,Operativo,344398.0,7.0,0.394175,0.3306666666666666,6.885564797424202,2.0,5.0,1.0
559.0,13,19.0,7468.85,40.36,Entregado,Frágil,San Fernando,Santiago,762.6,19.0,Autopista,7901.0,Van,20000.0,15.0,2014.0,Operativo,344398.0,8.0,1.105755,2.6906666666666665,10.360608444794124,2.0,0.0,1.0
560.0,20,13.0,5539.5,2.02,Entregado,Refrigerada,Viña del Mar,Santiago,1071.6,14.5,Ruta Nacional,737.0,Van,5000.0,22.1,2015.0,Operativo,447261.0,7.0,1.1079,0.0914027149321266,0.6877566256065697,2.0,1.0,1.0
561.0,50,59.0,6365.1,8.09,Entregado,General,Angol,Los Ángeles,426.6,9.1,Autopista,12235.0,Furgón,5000.0,75.9,2014.0,En Mantención,94179.0,7.0,1.27302,0.1065876152832674,28.68026254102203,2.0,2.0,1.0
562.0,80,26.0,5414.4,41.21,Entregado,Refrigerada,Puerto Montt,Viña del Mar,235.8,1.8,Ruta Nacional,3117.0,Semi-Remolque,5000.0,24.0,2016.0,Operativo,347864.0,8.0,1.0828799999999998,1.7170833333333333,13.21882951653944,2.0,2.0,1.0
563.0,22,22.0,11979.5,12.82,Retrasado,Refrigerada,Castro,Talca,919.3,23.7,Urbana,4921.0,Van,10000.0,47.8,2020.0,Operativo,386924.0,8.0,1.19795,0.2682008368200837,5.352985967584032,2.0,3.0,1.0
564.0,13,21.0,7865.3,51.47,Retrasado,Refrigerada,San Fernando,Santiago,762.6,19.0,Autopista,7901.0,Semi-Remolque,5000.0,63.2,2024.0,Fuera De Servicio,154854.0,7.0,1.105755,0.8143987341772151,10.360608444794124,2.0,4.0,1.0
565.0,12,36.0,8585.8,3.61,Retrasado,General,Cauquenes,Los Ángeles,1225.7,3.4,Autopista,4699.0,Camioneta,5000.0,49.1,2023.0,Operativo,138259.0,7.0,1.7171599999999998,0.0735234215885947,3.833727665823611,2.0,5.0,1.0
566.0,10,56.0,12796.7,13.01,Entregado,Refrigerada,Curicó,Curicó,1645.1,15.2,Urbana,6351.0,Camioneta,10000.0,13.6,2014.0,Operativo,123259.0,8.0,1.27967,0.9566176470588236,3.860555589325877,2.0,5.0,1.0
567.0,65,2.0,12090.9,59.91,En Tránsito,Peligrosa,Desconocido,Puente Alto,1787.0,22.5,Urbana,7202.0,Furgón,5000.0,38.7,2019.0,Operativo,179180.0,7.0,2.41818,1.5480620155038758,6.885564797424202,2.0,6.0,1.0
568.0,30,47.0,1991.9,26.04,Retrasado,Frágil,Linares,San Fernando,1424.9,1.3,Autopista,5861.0,Furgón,10000.0,54.1,2022.0,Operativo,191502.0,7.0,0.19919,0.4813308687615527,4.113271106744333,2.0,0.0,1.0
569.0,8,44.0,7468.85,42.21,Entregado,Frágil,Osorno,Quilpué,31.2,10.6,Autopista,14632.0,Semi-Remolque,10000.0,31.05,2022.0,Operativo,306437.0,7.0,1.105755,1.3594202898550725,468.974358974359,2.0,1.0,1.0
570.0,21,30.0,6537.2,30.58,Cancelado,Perecible,Desconocido,Valparaíso,115.0,19.2,Camino Rural,80.0,Camión,1000.0,28.2,2021.0,Fuera De Servicio,235075.0,8.0,6.5372,0.8255102040816326,0.6956521739130435,2.0,1.0,1.0
571.0,22,27.0,4426.8,36.63,Retrasado,Peligrosa,Castro,Talca,919.3,23.7,Urbana,4921.0,Van,1000.0,22.1,2010.0,Operativo,88004.0,7.0,4.4268,1.6574660633484164,5.352985967584032,2.0,2.0,1.0
572.0,18,7.0,759.8,43.59,En Tránsito,General,Ovalle,Santiago,545.4,7.8,Ruta Nacional,13638.0,Furgón,10000.0,48.7,2022.0,Operativo,235075.0,7.0,0.0759799999999999,0.8950718685831622,25.005500550055007,2.0,3.0,1.0
573.0,66,20.0,7313.9,18.94,Entregado,Frágil,San Fernando,Santiago,883.7,12.2,Autopista,7202.0,Furgón,10000.0,8.6,2016.0,Operativo,263978.0,8.0,0.73139,2.2023255813953493,6.885564797424202,2.0,3.0,1.0
574.0,48,50.0,5338.0,49.75,En Tránsito,Refrigerada,Villarrica,Santiago,483.8,7.7,Autopista,9072.0,Furgón,5000.0,56.7,2017.0,En Mantención,443858.0,8.0,1.105755,0.8774250440917107,18.75155022736668,2.0,4.0,1.0
575.0,44,31.0,3780.2,36.24,Cancelado,Perecible,Ovalle,Santiago,799.5,1.4,Camino Rural,13523.0,Camioneta,3000.0,13.8,2013.0,Operativo,230010.0,7.0,1.260066666666667,2.626086956521739,16.914321450906815,2.0,5.0,1.0
577.0,67,13.0,11544.6,33.5,Retrasado,Frágil,Chillán,Puerto Montt,1065.6,1.0,Autopista,1914.0,Van,5000.0,22.1,2015.0,Operativo,447261.0,8.0,2.30892,1.515837104072398,1.7961711711711714,2.0,6.0,1.0
578.0,54,17.0,3679.4,34.65,Entregado,Peligrosa,Pucón,Osorno,147.7,21.5,Urbana,2006.0,Furgón,10000.0,31.3,2014.0,Operativo,341278.0,8.0,0.36794,1.10702875399361,13.581584292484768,2.0,0.0,1.0
579.0,26,4.0,751.2,10.02,En Tránsito,Perecible,Rancagua,Los Ángeles,1490.8,8.4,Autopista,10265.0,Camioneta,1000.0,49.2,2017.0,Operativo,13823.0,7.0,0.7512000000000001,0.2036585365853658,6.885564797424202,2.0,1.0,1.0
580.0,26,57.0,12732.8,24.22,Entregado,Frágil,Rancagua,Los Ángeles,1490.8,8.4,Autopista,10265.0,Camión,5000.0,57.1,2016.0,Operativo,110804.0,7.0,2.54656,0.4241681260945709,6.885564797424202,2.0,2.0,1.0
581.0,34,14.0,7468.85,30.58,En Tránsito,Peligrosa,Ovalle,Rancagua,1824.2,11.7,Urbana,3064.0,Furgón,1000.0,33.5,2016.0,Operativo,151609.0,8.0,1.105755,0.8255102040816326,1.6796403903080803,2.0,2.0,1.0
582.0,8,20.0,14057.3,30.58,Cancelado,Frágil,Osorno,Quilpué,31.2,10.6,Autopista,14632.0,Furgón,10000.0,8.6,2016.0,Operativo,263978.0,8.0,1.40573,0.8255102040816326,468.974358974359,2.0,3.0,1.0
583.0,10,60.0,9418.0,45.69,Entregado,Frágil,Curicó,Curicó,1645.1,15.2,Urbana,6351.0,Furgón,10000.0,15.6,2018.0,Operativo,235075.0,7.0,0.9418,2.9288461538461537,3.860555589325877,3.0,4.0,1.0
584.0,48,13.0,4834.5,29.0,Entregado,Peligrosa,Villarrica,Santiago,483.8,7.7,Autopista,9072.0,Van,5000.0,22.1,2015.0,Operativo,447261.0,7.0,0.9669,1.3122171945701355,18.75155022736668,3.0,5.0,1.0
585.0,55,3.0,3704.7,56.42,Retrasado,Peligrosa,Viña del Mar,Viña del Mar,669.1,3.0,Autopista,13286.0,Camión,10000.0,69.4,2012.0,En Mantención,478395.0,8.0,0.3704699999999999,0.8129682997118155,19.85652368853684,3.0,5.0,1.0
586.0,54,26.0,145.0,17.69,Entregado,Refrigerada,Pucón,Osorno,147.7,21.5,Urbana,2006.0,Semi-Remolque,5000.0,24.0,2016.0,Operativo,347864.0,7.0,0.029,0.7370833333333334,13.581584292484768,3.0,6.0,1.0
587.0,78,26.0,3539.7,25.0,Entregado,Frágil,Osorno,La Florida,824.4,5.2,Urbana,14342.0,Semi-Remolque,5000.0,24.0,2016.0,Operativo,347864.0,7.0,0.70794,1.0416666666666667,17.39689471130519,3.0,0.0,1.0
588.0,40,18.0,2074.5,47.24,Entregado,Refrigerada,Cauquenes,Viña del Mar,662.3,10.0,Camino Rural,4915.0,Furgón,20000.0,38.9,2023.0,En Mantención,243705.0,8.0,0.103725,1.2143958868894602,7.421108259097086,3.0,0.0,1.0
589.0,15,32.0,9186.4,32.81,Entregado,General,Talcahuano,Puerto Montt,1750.1,11.8,Autopista,1666.0,Camioneta,5000.0,78.9,2022.0,En Mantención,235075.0,8.0,1.83728,0.4158428390367554,0.9519456031083938,3.0,1.0,1.0
590.0,18,14.0,7468.85,32.87,En Tránsito,General,Ovalle,Santiago,545.4,7.8,Ruta Nacional,13638.0,Furgón,1000.0,33.5,2016.0,Operativo,151609.0,7.0,1.105755,0.9811940298507462,25.005500550055007,3.0,2.0,1.0
591.0,23,47.0,7934.2,3.3,Retrasado,Frágil,Chillán,Valparaíso,1884.9,16.5,Autopista,9906.0,Furgón,10000.0,54.1,2022.0,Operativo,191502.0,7.0,0.79342,0.0609981515711645,5.255451217571224,3.0,3.0,1.0
592.0,62,3.0,8855.8,23.98,Entregado,Refrigerada,Rancagua,Rancagua,883.7,11.8,Urbana,3386.0,Camión,10000.0,69.4,2012.0,En Mantención,478395.0,8.0,0.8855799999999999,0.3455331412103746,6.885564797424202,3.0,3.0,1.0
593.0,46,1.0,4477.6,16.32,Entregado,Perecible,San Fernando,La Serena,314.7,12.2,Ruta Nacional,4798.0,Camioneta,20000.0,49.2,2018.0,Operativo,267419.0,8.0,0.22388,0.3317073170731707,15.246266285351128,3.0,4.0,1.0
594.0,39,26.0,535.6,59.96,Entregado,Peligrosa,Valparaíso,Chillán,883.7,16.7,Urbana,1950.0,Semi-Remolque,5000.0,24.0,2016.0,Operativo,347864.0,7.0,0.10712,2.498333333333333,6.885564797424202,3.0,5.0,1.0
596.0,53,49.0,404.9,53.08,Entregado,Refrigerada,Temuco,Coquimbo,1433.7,5.1,Autopista,7421.0,Camión,20000.0,18.5,2018.0,Operativo,311037.0,8.0,0.020245,2.869189189189189,5.17611773732301,3.0,6.0,1.0
597.0,64,35.0,11089.5,40.61,Entregado,Peligrosa,La Serena,Curicó,1480.2,17.5,Urbana,10844.0,Semi-Remolque,3000.0,19.9,2022.0,Operativo,409273.0,8.0,3.6965,2.04070351758794,7.32603702202405,3.0,0.0,1.0
599.0,80,3.0,11946.5,32.66,En Tránsito,Refrigerada,Puerto Montt,Viña del Mar,235.8,1.8,Ruta Nacional,3117.0,Camión,10000.0,69.4,2012.0,En Mantención,478395.0,8.0,1.19465,0.4706051873198846,13.21882951653944,3.0,1.0,1.0
600.0,16,13.0,6481.7,50.45,Entregado,Perecible,Santiago,San Antonio,1703.5,8.3,Autopista,6641.0,Van,5000.0,22.1,2015.0,Operativo,447261.0,8.0,1.29634,2.2828054298642533,3.898444379219255,3.0,2.0,1.0
601.0,70,47.0,6800.4,53.01,En Tránsito,Refrigerada,Talcahuano,Curicó,467.1,23.7,Autopista,13463.0,Furgón,10000.0,54.1,2022.0,Operativo,191502.0,8.0,0.68004,0.9798521256931608,28.822521943909223,3.0,3.0,1.0
602.0,66,50.0,7698.1,9.71,Cancelado,Frágil,San Fernando,Santiago,883.7,12.2,Autopista,7202.0,Furgón,5000.0,56.7,2017.0,En Mantención,443858.0,7.0,1.105755,0.1712522045855379,6.885564797424202,3.0,4.0,1.0
604.0,47,21.0,4109.8,20.18,Entregado,Frágil,San Fernando,La Serena,29.6,3.2,Autopista,8950.0,Semi-Remolque,5000.0,63.2,2024.0,Fuera De Servicio,154854.0,8.0,1.105755,0.3193037974683544,302.36486486486484,3.0,5.0,1.0
605.0,9,26.0,1832.6,2.62,En Tránsito,General,Osorno,Osorno,1555.3,5.1,Ruta Nacional,7202.0,Semi-Remolque,5000.0,24.0,2016.0,Operativo,347864.0,7.0,0.3665199999999999,0.1091666666666666,6.885564797424202,3.0,6.0,1.0
606.0,63,3.0,8345.3,35.93,Entregado,Refrigerada,Villarrica,Coquimbo,1557.6,12.0,Camino Rural,377.0,Camión,10000.0,69.4,2012.0,En Mantención,478395.0,7.0,0.8345299999999999,0.5177233429394812,0.2420390344119158,3.0,0.0,1.0
607.0,34,51.0,4911.4,51.3,En Tránsito,Perecible,Ovalle,Rancagua,1824.2,11.7,Urbana,3064.0,Van,10000.0,47.4,2024.0,Operativo,219137.0,8.0,0.4911399999999999,1.0822784810126582,1.6796403903080803,3.0,0.0,1.0
608.0,29,40.0,6642.9,22.96,Retrasado,Peligrosa,Ovalle,Pucón,948.5,20.2,Ruta Nacional,609.0,Camioneta,3000.0,23.5,2019.0,En Mantención,253966.0,8.0,2.2143,0.9770212765957448,0.6420664206642066,3.0,1.0,1.0
609.0,37,4.0,9707.7,30.58,Entregado,Peligrosa,Viña del Mar,San Antonio,723.1,7.8,Urbana,1551.0,Camioneta,1000.0,49.2,2017.0,Operativo,13823.0,7.0,9.7077,0.8255102040816326,2.144931544737934,3.0,2.0,1.0
610.0,43,36.0,7416.9,37.7,En Tránsito,General,Puente Alto,Temuco,872.6,10.0,Camino Rural,7140.0,Camioneta,5000.0,49.1,2023.0,Operativo,138259.0,7.0,1.48338,0.7678207739307537,8.18244327297731,3.0,3.0,1.0
611.0,64,51.0,9308.0,22.6,En Tránsito,General,La Serena,Curicó,1480.2,17.5,Urbana,10844.0,Van,10000.0,47.4,2024.0,Operativo,219137.0,8.0,0.9308,0.4767932489451477,7.32603702202405,3.0,3.0,1.0
612.0,24,43.0,7468.85,8.55,Entregado,Perecible,Castro,Chillán,1776.8,12.2,Autopista,10956.0,Camioneta,5000.0,53.1,2024.0,Fuera De Servicio,89400.0,8.0,1.105755,0.1610169491525424,6.166141377757767,3.0,4.0,1.0
613.0,71,1.0,11099.5,42.59,Entregado,Refrigerada,Rancagua,Maipú,487.0,15.1,Urbana,6707.0,Camioneta,20000.0,49.2,2018.0,Operativo,267419.0,7.0,0.554975,0.8656504065040651,13.772073921971252,3.0,5.0,1.0
614.0,34,40.0,10592.0,51.29,Cancelado,General,Ovalle,Rancagua,1824.2,11.7,Urbana,3064.0,Camioneta,3000.0,23.5,2019.0,En Mantención,253966.0,8.0,3.530666666666667,2.1825531914893617,1.6796403903080803,3.0,5.0,1.0
615.0,48,47.0,8017.5,41.18,Cancelado,General,Villarrica,Santiago,483.8,7.7,Autopista,9072.0,Furgón,10000.0,54.1,2022.0,Operativo,191502.0,8.0,0.80175,0.7611829944547135,18.75155022736668,3.0,6.0,1.0
616.0,12,33.0,10186.8,30.58,Retrasado,Refrigerada,Cauquenes,Los Ángeles,1225.7,3.4,Autopista,4699.0,Van,3000.0,28.1,2017.0,Operativo,186774.0,8.0,3.3956,0.8255102040816326,3.833727665823611,3.0,0.0,1.0
617.0,23,13.0,13104.7,13.05,Cancelado,Peligrosa,Chillán,Valparaíso,1884.9,16.5,Autopista,9906.0,Furgón,5000.0,38.1,2018.0,Operativo,235075.0,7.0,1.105755,0.8255102040816326,5.255451217571224,3.0,1.0,1.0
618.0,79,53.0,6489.7,4.26,Entregado,Peligrosa,Villarrica,Puente Alto,1499.0,3.7,Autopista,10474.0,Camioneta,20000.0,13.8,2022.0,Operativo,298453.0,8.0,0.3244849999999999,0.308695652173913,6.987324883255504,3.0,1.0,1.0
620.0,45,52.0,11466.0,45.41,Entregado,Peligrosa,Ovalle,Quilpué,1876.7,13.5,Autopista,521.0,Semi-Remolque,5000.0,69.4,2013.0,En Mantención,171940.0,8.0,2.2932,0.6543227665706051,0.2776149624340597,3.0,3.0,1.0
621.0,65,56.0,8742.5,6.72,Entregado,Peligrosa,Desconocido,Puente Alto,1787.0,22.5,Urbana,7202.0,Camioneta,10000.0,13.6,2014.0,Operativo,123259.0,7.0,0.87425,0.4941176470588235,6.885564797424202,3.0,4.0,1.0
622.0,47,11.0,1074.4,50.32,Retrasado,Refrigerada,San Fernando,La Serena,29.6,3.2,Autopista,8950.0,Van,20000.0,5.3,2017.0,Operativo,476196.0,8.0,0.05372,9.49433962264151,302.36486486486484,3.0,4.0,1.0
624.0,5,14.0,471.4,41.43,Retrasado,Frágil,Cauquenes,San Fernando,914.3,22.9,Camino Rural,5128.0,Furgón,1000.0,33.5,2016.0,Operativo,151609.0,7.0,0.4714,1.2367164179104475,5.608662364650552,3.0,6.0,1.0
625.0,77,22.0,11228.5,58.29,En Tránsito,General,Cauquenes,La Florida,1827.8,23.6,Camino Rural,12453.0,Van,10000.0,47.8,2020.0,Operativo,386924.0,8.0,1.12285,1.2194560669456067,6.813108655213918,3.0,6.0,1.0
626.0,5,16.0,7468.85,5.11,Entregado,General,Cauquenes,San Fernando,914.3,22.9,Camino Rural,5128.0,Camioneta,1000.0,78.5,2020.0,Fuera De Servicio,115935.0,8.0,1.105755,0.0650955414012739,5.608662364650552,4.0,0.0,2.0
628.0,21,12.0,821.5,7.65,Entregado,Frágil,Desconocido,Valparaíso,115.0,19.2,Camino Rural,80.0,Furgón,20000.0,23.1,2010.0,Operativo,282654.0,7.0,0.041075,0.3311688311688311,0.6956521739130435,4.0,2.0,2.0
630.0,18,46.0,7468.85,51.1,Entregado,Perecible,Ovalle,Santiago,545.4,7.8,Ruta Nacional,13638.0,Camión,10000.0,20.5,2022.0,En Mantención,17043.0,8.0,1.105755,2.4926829268292683,25.005500550055007,4.0,3.0,2.0
631.0,21,10.0,4966.2,54.38,Cancelado,Refrigerada,Desconocido,Valparaíso,115.0,19.2,Camino Rural,80.0,Van,1000.0,20.7,2024.0,Operativo,431424.0,8.0,4.9662,2.6270531400966184,0.6956521739130435,4.0,4.0,2.0
632.0,54,24.0,1363.9,30.43,Cancelado,Refrigerada,Pucón,Osorno,147.7,21.5,Urbana,2006.0,Van,10000.0,16.2,2012.0,Operativo,337731.0,7.0,0.13639,1.878395061728395,13.581584292484768,4.0,5.0,2.0
633.0,10,46.0,8444.2,35.69,Entregado,Frágil,Curicó,Curicó,1645.1,15.2,Urbana,6351.0,Camión,10000.0,20.5,2022.0,En Mantención,17043.0,8.0,0.8444200000000001,1.7409756097560976,3.860555589325877,4.0,5.0,2.0
634.0,24,18.0,7190.8,42.52,Entregado,Refrigerada,Castro,Chillán,1776.8,12.2,Autopista,10956.0,Furgón,20000.0,38.9,2023.0,En Mantención,243705.0,8.0,0.35954,1.0930591259640103,6.166141377757767,4.0,6.0,2.0
637.0,23,17.0,11071.9,48.62,Retrasado,Frágil,Chillán,Valparaíso,1884.9,16.5,Autopista,9906.0,Furgón,10000.0,31.3,2014.0,Operativo,341278.0,8.0,1.10719,1.553354632587859,5.255451217571224,4.0,1.0,2.0
640.0,34,58.0,6148.0,25.49,Entregado,Frágil,Ovalle,Rancagua,1824.2,11.7,Urbana,3064.0,Semi-Remolque,1000.0,38.1,2017.0,Operativo,79000.0,8.0,6.148,0.669028871391076,1.6796403903080803,4.0,3.0,2.0
641.0,70,13.0,14296.6,30.6,Entregado,Perecible,Talcahuano,Curicó,467.1,23.7,Autopista,13463.0,Van,5000.0,22.1,2015.0,Operativo,447261.0,8.0,2.85932,1.3846153846153846,28.822521943909223,4.0,4.0,2.0
642.0,28,50.0,12982.8,56.71,Cancelado,Refrigerada,Las Condes,San Antonio,550.1,6.7,Ruta Nacional,10017.0,Furgón,5000.0,56.7,2017.0,En Mantención,443858.0,8.0,1.105755,1.0001763668430337,18.209416469732776,4.0,5.0,2.0
644.0,13,6.0,2397.7,57.2,Cancelado,Frágil,San Fernando,Santiago,762.6,19.0,Autopista,7901.0,Camión,1000.0,74.9,2017.0,Fuera De Servicio,145004.0,8.0,2.3977,0.7636849132176234,10.360608444794124,4.0,6.0,2.0
645.0,23,21.0,6536.5,10.9,En Tránsito,Perecible,Chillán,Valparaíso,1884.9,16.5,Autopista,9906.0,Semi-Remolque,5000.0,63.2,2024.0,Fuera De Servicio,154854.0,8.0,1.105755,0.1724683544303797,5.255451217571224,4.0,0.0,2.0
646.0,70,51.0,6034.5,43.48,Retrasado,General,Talcahuano,Curicó,467.1,23.7,Autopista,13463.0,Van,10000.0,47.4,2024.0,Operativo,219137.0,8.0,0.60345,0.9172995780590716,28.822521943909223,4.0,1.0,2.0
647.0,80,36.0,8640.0,48.75,Entregado,Refrigerada,Puerto Montt,Viña del Mar,235.8,1.8,Ruta Nacional,3117.0,Camioneta,5000.0,49.1,2023.0,Operativo,138259.0,7.0,1.728,0.9928716904276984,13.21882951653944,4.0,2.0,2.0
648.0,2,7.0,8755.0,40.78,En Tránsito,Refrigerada,Desconocido,Castro,507.2,19.5,Camino Rural,12065.0,Furgón,10000.0,48.7,2022.0,Operativo,235075.0,8.0,0.8755,0.8373716632443532,23.787460567823345,4.0,2.0,2.0
649.0,24,36.0,11252.3,36.45,Entregado,Peligrosa,Castro,Chillán,1776.8,12.2,Autopista,10956.0,Camioneta,5000.0,49.1,2023.0,Operativo,138259.0,8.0,2.25046,0.7423625254582485,6.166141377757767,4.0,3.0,2.0
650.0,17,25.0,7653.3,33.93,En Tránsito,Refrigerada,Maipú,Rancagua,1556.6,17.9,Autopista,3799.0,Furgón,1000.0,47.9,2015.0,En Mantención,354382.0,8.0,7.6533,0.7083507306889353,2.4405756135166388,4.0,4.0,2.0
651.0,65,11.0,1581.3,51.67,Retrasado,Perecible,Desconocido,Puente Alto,1787.0,22.5,Urbana,7202.0,Van,20000.0,5.3,2017.0,Operativo,476196.0,8.0,0.079065,9.749056603773584,6.885564797424202,4.0,4.0,2.0
653.0,69,14.0,4653.4,7.43,Entregado,Peligrosa,Cauquenes,San Antonio,1702.3,3.0,Urbana,10084.0,Furgón,1000.0,33.5,2016.0,Operativo,151609.0,8.0,4.6534,0.2217910447761193,5.923750220290196,4.0,6.0,2.0
657.0,47,50.0,1374.3,52.2,Retrasado,Perecible,San Fernando,La Serena,29.6,3.2,Autopista,8950.0,Furgón,5000.0,56.7,2017.0,En Mantención,443858.0,8.0,1.105755,0.9206349206349206,302.36486486486484,4.0,2.0,2.0
658.0,67,48.0,3473.2,25.98,Cancelado,Peligrosa,Chillán,Puerto Montt,1065.6,1.0,Autopista,1914.0,Furgón,10000.0,36.2,2021.0,Operativo,117009.0,8.0,0.3473199999999999,0.7176795580110497,1.7961711711711714,4.0,3.0,2.0
659.0,65,5.0,708.2,48.52,Entregado,Perecible,Desconocido,Puente Alto,1787.0,22.5,Urbana,7202.0,Semi-Remolque,3000.0,42.4,2010.0,Operativo,154526.0,8.0,0.2360666666666666,1.1443396226415097,6.885564797424202,4.0,3.0,2.0
662.0,62,13.0,6516.7,29.78,Entregado,Frágil,Rancagua,Rancagua,883.7,11.8,Urbana,3386.0,Furgón,5000.0,38.1,2018.0,Operativo,235075.0,7.0,1.105755,0.8255102040816326,6.885564797424202,4.0,6.0,2.0
664.0,19,60.0,8858.6,45.29,Entregado,Perecible,Puerto Montt,Talca,1625.7,19.9,Urbana,1526.0,Furgón,10000.0,15.6,2018.0,Operativo,235075.0,8.0,0.8858600000000001,2.903205128205128,0.938672571815218,4.0,0.0,2.0
665.0,59,24.0,9453.8,16.64,Cancelado,Refrigerada,Temuco,Santiago,1070.4,3.5,Autopista,2117.0,Van,10000.0,16.2,2012.0,Operativo,337731.0,8.0,0.94538,1.0271604938271606,1.977765321375187,4.0,1.0,2.0
666.0,8,40.0,12682.8,26.67,Cancelado,Frágil,Osorno,Quilpué,31.2,10.6,Autopista,14632.0,Camioneta,3000.0,23.5,2019.0,En Mantención,253966.0,8.0,4.2276,1.134893617021277,468.974358974359,4.0,1.0,2.0
667.0,55,57.0,4459.0,5.31,Retrasado,Peligrosa,Viña del Mar,Viña del Mar,669.1,3.0,Autopista,13286.0,Camión,5000.0,57.1,2016.0,Operativo,110804.0,8.0,0.8918,0.0929947460595446,19.85652368853684,5.0,2.0,2.0
668.0,47,26.0,7468.85,17.27,En Tránsito,Refrigerada,San Fernando,La Serena,29.6,3.2,Autopista,8950.0,Semi-Remolque,5000.0,24.0,2016.0,Operativo,347864.0,8.0,1.105755,0.7195833333333334,302.36486486486484,5.0,3.0,2.0
669.0,2,13.0,13590.2,46.91,Retrasado,Perecible,Desconocido,Castro,507.2,19.5,Camino Rural,12065.0,Furgón,5000.0,38.1,2018.0,Operativo,235075.0,8.0,1.105755,0.8255102040816326,23.787460567823345,5.0,4.0,2.0
671.0,45,60.0,14647.5,38.86,Entregado,Perecible,Ovalle,Quilpué,1876.7,13.5,Autopista,521.0,Furgón,10000.0,15.6,2018.0,Operativo,235075.0,8.0,1.46475,2.491025641025641,0.2776149624340597,5.0,5.0,2.0
672.0,13,36.0,13528.6,55.05,En Tránsito,Peligrosa,San Fernando,Santiago,762.6,19.0,Autopista,7901.0,Camioneta,5000.0,49.1,2023.0,Operativo,138259.0,8.0,2.70572,1.1211812627291242,10.360608444794124,5.0,6.0,2.0
673.0,65,12.0,7468.85,30.58,Cancelado,Peligrosa,Desconocido,Puente Alto,1787.0,22.5,Urbana,7202.0,Furgón,20000.0,23.1,2010.0,Operativo,282654.0,8.0,1.105755,0.8255102040816326,6.885564797424202,5.0,0.0,2.0
674.0,38,11.0,12357.6,48.68,Retrasado,Refrigerada,Pucón,Cauquenes,374.6,15.0,Urbana,2710.0,Van,20000.0,5.3,2017.0,Operativo,476196.0,8.0,0.61788,9.18490566037736,7.234383342231713,5.0,0.0,2.0
675.0,77,3.0,6153.5,6.63,En Tránsito,Perecible,Cauquenes,La Florida,1827.8,23.6,Camino Rural,12453.0,Camión,10000.0,69.4,2012.0,En Mantención,478395.0,8.0,0.61535,0.0955331412103746,6.813108655213918,5.0,1.0,2.0
679.0,55,19.0,7951.3,38.41,Entregado,Frágil,Viña del Mar,Viña del Mar,669.1,3.0,Autopista,13286.0,Van,20000.0,15.0,2014.0,Operativo,344398.0,8.0,0.397565,2.560666666666666,19.85652368853684,5.0,4.0,2.0
680.0,20,18.0,4832.8,39.86,Entregado,Perecible,Viña del Mar,Santiago,1071.6,14.5,Ruta Nacional,737.0,Furgón,20000.0,38.9,2023.0,En Mantención,243705.0,8.0,0.24164,1.0246786632390743,0.6877566256065697,5.0,5.0,2.0
681.0,13,16.0,1134.6,24.91,En Tránsito,General,San Fernando,Santiago,762.6,19.0,Autopista,7901.0,Camioneta,1000.0,78.5,2020.0,Fuera De Servicio,115935.0,8.0,1.1345999999999998,0.3173248407643312,10.360608444794124,5.0,5.0,2.0
683.0,5,43.0,12042.1,47.09,Entregado,General,Cauquenes,San Fernando,914.3,22.9,Camino Rural,5128.0,Camioneta,5000.0,53.1,2024.0,Fuera De Servicio,89400.0,8.0,2.40842,0.8868173258003766,5.608662364650552,5.0,0.0,2.0
686.0,46,3.0,9391.4,54.0,Retrasado,General,San Fernando,La Serena,314.7,12.2,Ruta Nacional,4798.0,Camión,10000.0,69.4,2012.0,En Mantención,478395.0,8.0,0.93914,0.7780979827089336,15.246266285351128,5.0,2.0,2.0
688.0,10,38.0,3817.8,17.73,Entregado,Frágil,Curicó,Curicó,1645.1,15.2,Urbana,6351.0,Camioneta,5000.0,69.7,2015.0,Operativo,37268.0,8.0,0.76356,0.2543758967001435,3.860555589325877,5.0,4.0,2.0
690.0,28,12.0,10505.8,47.84,En Tránsito,Peligrosa,Las Condes,San Antonio,550.1,6.7,Ruta Nacional,10017.0,Furgón,20000.0,23.1,2010.0,Operativo,282654.0,8.0,0.5252899999999999,2.070995670995671,18.209416469732776,5.0,5.0,2.0
691.0,43,44.0,8220.6,30.95,Retrasado,Peligrosa,Puente Alto,Temuco,872.6,10.0,Camino Rural,7140.0,Semi-Remolque,10000.0,31.05,2022.0,Operativo,306437.0,8.0,0.82206,0.996779388083736,8.18244327297731,5.0,6.0,2.0
692.0,26,31.0,9147.4,7.93,En Tránsito,Peligrosa,Rancagua,Los Ángeles,1490.8,8.4,Autopista,10265.0,Camioneta,3000.0,13.8,2013.0,Operativo,230010.0,9.0,3.0491333333333333,0.5746376811594203,6.885564797424202,5.0,6.0,2.0
693.0,55,25.0,1375.1,12.98,Entregado,Frágil,Viña del Mar,Viña del Mar,669.1,3.0,Autopista,13286.0,Furgón,1000.0,47.9,2015.0,En Mantención,354382.0,8.0,1.3751,0.2709812108559499,19.85652368853684,5.0,0.0,2.0
694.0,48,53.0,7114.1,39.41,Entregado,General,Villarrica,Santiago,483.8,7.7,Autopista,9072.0,Camioneta,20000.0,13.8,2022.0,Operativo,298453.0,8.0,0.355705,2.855797101449275,18.75155022736668,5.0,1.0,2.0
695.0,29,16.0,2913.6,23.16,Retrasado,Refrigerada,Ovalle,Pucón,948.5,20.2,Ruta Nacional,609.0,Camioneta,1000.0,78.5,2020.0,Fuera De Servicio,115935.0,8.0,2.9136,0.2950318471337579,0.6420664206642066,5.0,2.0,2.0
696.0,27,42.0,3133.7,30.58,En Tránsito,Refrigerada,Chillán,Pucón,1613.5,3.0,Ruta Nacional,5399.0,Furgón,20000.0,6.7,2016.0,Operativo,456799.0,9.0,0.156685,0.8255102040816326,3.34614192748683,5.0,2.0,2.0
697.0,18,54.0,9922.9,57.0,Retrasado,Perecible,Ovalle,Santiago,545.4,7.8,Ruta Nacional,13638.0,Van,5000.0,63.9,2020.0,Operativo,295428.0,8.0,1.98458,0.892018779342723,25.005500550055007,5.0,3.0,2.0
699.0,74,13.0,6062.3,22.71,Entregado,Refrigerada,Coquimbo,Puerto Montt,1126.4,6.1,Urbana,1399.0,Van,5000.0,22.1,2015.0,Operativo,447261.0,8.0,1.21246,1.027601809954751,1.242009943181818,5.0,5.0,2.0
700.0,69,13.0,3124.2,47.34,Entregado,Peligrosa,Cauquenes,San Antonio,1702.3,3.0,Urbana,10084.0,Furgón,5000.0,38.1,2018.0,Operativo,235075.0,8.0,1.105755,0.8255102040816326,5.923750220290196,5.0,5.0,2.0
701.0,74,7.0,9734.7,21.15,Retrasado,Frágil,Coquimbo,Puerto Montt,1126.4,6.1,Urbana,1399.0,Furgón,10000.0,48.7,2022.0,Operativo,235075.0,8.0,0.97347,0.4342915811088295,1.242009943181818,5.0,6.0,2.0
702.0,21,12.0,13069.1,10.11,Entregado,Frágil,Desconocido,Valparaíso,115.0,19.2,Camino Rural,80.0,Furgón,20000.0,23.1,2010.0,Operativo,282654.0,8.0,0.653455,0.4376623376623376,0.6956521739130435,5.0,0.0,2.0
704.0,3,50.0,13032.7,23.2,Entregado,Perecible,Rancagua,Rengo,679.6,18.4,Urbana,2447.0,Furgón,5000.0,56.7,2017.0,En Mantención,443858.0,8.0,1.105755,0.4091710758377425,3.6006474396703942,5.0,1.0,2.0
705.0,62,4.0,8053.0,54.22,Retrasado,Perecible,Rancagua,Rancagua,883.7,11.8,Urbana,3386.0,Camioneta,1000.0,49.2,2017.0,Operativo,13823.0,8.0,8.053,1.1020325203252033,6.885564797424202,5.0,2.0,2.0
706.0,2,2.0,11280.6,14.42,Entregado,Perecible,Desconocido,Castro,507.2,19.5,Camino Rural,12065.0,Furgón,5000.0,38.7,2019.0,Operativo,179180.0,8.0,2.25612,0.372609819121447,23.787460567823345,5.0,3.0,2.0
707.0,66,35.0,2109.6,12.47,Entregado,Peligrosa,San Fernando,Santiago,883.7,12.2,Autopista,7202.0,Semi-Remolque,3000.0,19.9,2022.0,Operativo,409273.0,9.0,0.7031999999999999,0.6266331658291459,6.885564797424202,5.0,3.0,2.0
708.0,42,58.0,5230.6,30.58,En Tránsito,Peligrosa,La Florida,San Antonio,254.0,12.2,Ruta Nacional,7465.0,Semi-Remolque,1000.0,38.1,2017.0,Operativo,79000.0,8.0,5.230600000000001,0.8255102040816326,29.38976377952756,5.0,4.0,2.0
709.0,34,44.0,5849.3,1.6,En Tránsito,General,Ovalle,Rancagua,1824.2,11.7,Urbana,3064.0,Semi-Remolque,10000.0,31.05,2022.0,Operativo,306437.0,8.0,0.5849300000000001,0.0515297906602254,1.6796403903080803,6.0,5.0,2.0
710.0,42,3.0,7674.3,47.17,Entregado,Perecible,La Florida,San Antonio,254.0,12.2,Ruta Nacional,7465.0,Camión,10000.0,69.4,2012.0,En Mantención,478395.0,8.0,0.7674300000000001,0.6796829971181556,29.38976377952756,6.0,6.0,2.0
713.0,45,12.0,2026.5,55.08,Entregado,Frágil,Ovalle,Quilpué,1876.7,13.5,Autopista,521.0,Furgón,20000.0,23.1,2010.0,Operativo,282654.0,8.0,0.101325,2.384415584415584,0.2776149624340597,6.0,1.0,2.0
714.0,75,19.0,2600.1,8.46,Entregado,Refrigerada,Coquimbo,Santiago,277.6,12.2,Camino Rural,7813.0,Van,20000.0,15.0,2014.0,Operativo,344398.0,8.0,0.1300049999999999,0.5640000000000001,28.144812680115272,6.0,2.0,2.0
716.0,47,1.0,4368.3,16.52,Entregado,Perecible,San Fernando,La Serena,29.6,3.2,Autopista,8950.0,Camioneta,20000.0,49.2,2018.0,Operativo,267419.0,8.0,0.218415,0.3357723577235772,302.36486486486484,6.0,3.0,2.0
717.0,5,17.0,9225.4,4.01,Entregado,General,Cauquenes,San Fernando,914.3,22.9,Camino Rural,5128.0,Furgón,10000.0,31.3,2014.0,Operativo,341278.0,8.0,0.92254,0.1281150159744409,5.608662364650552,6.0,4.0,2.0
719.0,37,13.0,14434.8,30.58,Entregado,Perecible,Viña del Mar,San Antonio,723.1,7.8,Urbana,1551.0,Furgón,5000.0,38.1,2018.0,Operativo,235075.0,8.0,1.105755,0.8255102040816326,2.144931544737934,6.0,5.0,2.0
720.0,34,57.0,9807.5,4.37,Retrasado,Perecible,Ovalle,Rancagua,1824.2,11.7,Urbana,3064.0,Camión,5000.0,57.1,2016.0,Operativo,110804.0,8.0,1.9615,0.0765323992994746,1.6796403903080803,6.0,6.0,2.0
721.0,73,53.0,12574.0,45.66,Entregado,Peligrosa,Maipú,Santiago,468.4,5.2,Ruta Nacional,11768.0,Camioneta,20000.0,13.8,2022.0,Operativo,298453.0,8.0,0.6287,3.308695652173913,25.123825789923146,6.0,0.0,2.0
722.0,70,9.0,7882.8,29.19,Entregado,Perecible,Talcahuano,Curicó,467.1,23.7,Autopista,13463.0,Van,5000.0,39.1,2022.0,Fuera De Servicio,77965.0,9.0,1.57656,0.7465473145780052,28.822521943909223,6.0,0.0,2.0
723.0,18,59.0,7468.85,20.64,Entregado,Frágil,Ovalle,Santiago,545.4,7.8,Ruta Nacional,13638.0,Furgón,5000.0,75.9,2014.0,En Mantención,94179.0,8.0,1.105755,0.2719367588932806,25.005500550055007,6.0,1.0,2.0
724.0,78,55.0,7875.1,25.16,Retrasado,Peligrosa,Osorno,La Florida,824.4,5.2,Urbana,14342.0,Furgón,5000.0,55.5,2021.0,En Mantención,398945.0,8.0,1.57502,0.4533333333333333,17.39689471130519,6.0,2.0,2.0
725.0,19,9.0,8330.7,55.74,En Tránsito,Frágil,Puerto Montt,Talca,1625.7,19.9,Urbana,1526.0,Van,5000.0,39.1,2022.0,Fuera De Servicio,77965.0,8.0,1.6661400000000002,1.4255754475703324,0.938672571815218,6.0,3.0,2.0
726.0,78,12.0,11139.4,54.65,Entregado,Refrigerada,Osorno,La Florida,824.4,5.2,Urbana,14342.0,Furgón,20000.0,23.1,2010.0,Operativo,282654.0,9.0,0.55697,2.365800865800866,17.39689471130519,6.0,3.0,2.0
727.0,40,55.0,3306.0,42.97,Entregado,Peligrosa,Cauquenes,Viña del Mar,662.3,10.0,Camino Rural,4915.0,Furgón,5000.0,55.5,2021.0,En Mantención,398945.0,8.0,0.6612,0.7742342342342342,7.421108259097086,6.0,4.0,2.0
728.0,17,41.0,5531.0,53.09,Retrasado,Peligrosa,Maipú,Rancagua,1556.6,17.9,Autopista,3799.0,Furgón,5000.0,38.8,2014.0,Operativo,33259.0,8.0,1.105755,1.3682989690721652,2.4405756135166388,6.0,5.0,2.0
730.0,42,2.0,14392.0,22.93,Entregado,General,La Florida,San Antonio,254.0,12.2,Ruta Nacional,7465.0,Furgón,5000.0,38.7,2019.0,Operativo,179180.0,9.0,2.8784,0.5925064599483204,29.38976377952756,6.0,6.0,2.0
731.0,72,11.0,7468.85,36.86,Entregado,Peligrosa,Temuco,Las Condes,751.5,15.8,Urbana,6554.0,Van,20000.0,5.3,2017.0,Operativo,476196.0,8.0,1.105755,6.954716981132076,8.721224218230207,6.0,0.0,2.0
732.0,65,11.0,11328.9,37.46,Entregado,Refrigerada,Desconocido,Puente Alto,1787.0,22.5,Urbana,7202.0,Van,20000.0,5.3,2017.0,Operativo,476196.0,8.0,0.566445,7.067924528301887,6.885564797424202,6.0,1.0,2.0
733.0,53,8.0,11264.7,28.95,En Tránsito,Perecible,Temuco,Coquimbo,1433.7,5.1,Autopista,7421.0,Furgón,5000.0,38.1,2018.0,Operativo,235075.0,9.0,1.105755,0.8255102040816326,5.17611773732301,6.0,1.0,2.0
734.0,7,55.0,3990.5,24.1,Entregado,General,Rengo,Angol,435.0,23.1,Autopista,8725.0,Furgón,5000.0,55.5,2021.0,En Mantención,398945.0,9.0,0.7981,0.4342342342342342,20.057471264367816,6.0,2.0,2.0
735.0,5,32.0,8582.3,30.58,Retrasado,Refrigerada,Cauquenes,San Fernando,914.3,22.9,Camino Rural,5128.0,Camioneta,5000.0,78.9,2022.0,En Mantención,235075.0,8.0,1.71646,0.8255102040816326,5.608662364650552,6.0,3.0,2.0
738.0,62,20.0,14177.3,43.66,Entregado,Perecible,Rancagua,Rancagua,883.7,11.8,Urbana,3386.0,Furgón,10000.0,8.6,2016.0,Operativo,263978.0,8.0,1.41773,5.076744186046511,6.885564797424202,6.0,5.0,2.0
739.0,17,39.0,3224.7,16.25,En Tránsito,General,Maipú,Rancagua,1556.6,17.9,Autopista,3799.0,Furgón,5000.0,38.1,2018.0,Operativo,235075.0,8.0,1.105755,0.8255102040816326,2.4405756135166388,6.0,6.0,2.0
740.0,20,35.0,1121.6,6.1,Entregado,Refrigerada,Viña del Mar,Santiago,1071.6,14.5,Ruta Nacional,737.0,Semi-Remolque,3000.0,19.9,2022.0,Operativo,409273.0,8.0,0.3738666666666666,0.3065326633165829,0.6877566256065697,6.0,0.0,2.0
741.0,3,8.0,7468.85,21.21,Entregado,Frágil,Rancagua,Rengo,679.6,18.4,Urbana,2447.0,Furgón,5000.0,38.1,2018.0,Operativo,235075.0,9.0,1.105755,0.8255102040816326,3.6006474396703942,6.0,0.0,2.0
742.0,37,50.0,12716.7,30.58,Retrasado,General,Viña del Mar,San Antonio,723.1,7.8,Urbana,1551.0,Furgón,5000.0,56.7,2017.0,En Mantención,443858.0,8.0,1.105755,0.8255102040816326,2.144931544737934,6.0,1.0,2.0
743.0,15,49.0,14888.9,1.09,Entregado,Refrigerada,Talcahuano,Puerto Montt,1750.1,11.8,Autopista,1666.0,Camión,20000.0,18.5,2018.0,Operativo,311037.0,8.0,0.744445,0.0589189189189189,0.9519456031083938,6.0,2.0,2.0
744.0,51,43.0,10194.1,48.91,Entregado,Refrigerada,Puente Alto,Castro,489.3,6.2,Ruta Nacional,941.0,Camioneta,5000.0,53.1,2024.0,Fuera De Servicio,89400.0,9.0,2.03882,0.9210922787193973,1.9231555283057429,6.0,2.0,2.0
745.0,48,34.0,14051.0,21.62,Entregado,Refrigerada,Villarrica,Santiago,483.8,7.7,Autopista,9072.0,Camioneta,3000.0,14.8,2020.0,Operativo,374404.0,9.0,4.683666666666666,1.4608108108108109,18.75155022736668,6.0,3.0,2.0
747.0,13,53.0,12668.0,4.53,Entregado,Refrigerada,San Fernando,Santiago,762.6,19.0,Autopista,7901.0,Camioneta,20000.0,13.8,2022.0,Operativo,298453.0,8.0,0.6334,0.3282608695652174,10.360608444794124,6.0,5.0,2.0
748.0,48,59.0,8541.4,10.58,Entregado,Peligrosa,Villarrica,Santiago,483.8,7.7,Autopista,9072.0,Furgón,5000.0,75.9,2014.0,En Mantención,94179.0,9.0,1.70828,0.1393939393939393,18.75155022736668,6.0,5.0,2.0
749.0,3,56.0,5741.6,53.39,En Tránsito,Frágil,Rancagua,Rengo,679.6,18.4,Urbana,2447.0,Camioneta,10000.0,13.6,2014.0,Operativo,123259.0,9.0,0.57416,3.925735294117647,3.6006474396703942,6.0,6.0,2.0
750.0,65,19.0,14019.0,36.56,Entregado,Refrigerada,Desconocido,Puente Alto,1787.0,22.5,Urbana,7202.0,Van,20000.0,15.0,2014.0,Operativo,344398.0,8.0,0.70095,2.4373333333333336,6.885564797424202,7.0,0.0,3.0
751.0,73,7.0,6487.4,57.02,Devuelto,General,Maipú,Santiago,468.4,5.2,Ruta Nacional,11768.0,Furgón,10000.0,48.7,2022.0,Operativo,235075.0,8.0,0.64874,1.1708418891170431,25.123825789923146,7.0,1.0,3.0
753.0,26,18.0,6697.3,30.58,Entregado,Refrigerada,Rancagua,Los Ángeles,1490.8,8.4,Autopista,10265.0,Furgón,20000.0,38.9,2023.0,En Mantención,243705.0,9.0,0.334865,0.8255102040816326,6.885564797424202,7.0,2.0,3.0
754.0,56,40.0,8476.6,18.0,En Tránsito,Peligrosa,Quilpué,Puente Alto,572.2,17.1,Camino Rural,9738.0,Camioneta,3000.0,23.5,2019.0,En Mantención,253966.0,8.0,2.825533333333333,0.7659574468085106,17.018524991261796,7.0,3.0,3.0
755.0,34,14.0,7062.9,51.52,Entregado,Refrigerada,Ovalle,Rancagua,1824.2,11.7,Urbana,3064.0,Furgón,1000.0,33.5,2016.0,Operativo,151609.0,9.0,7.0629,1.5379104477611942,1.6796403903080803,7.0,3.0,3.0
756.0,9,39.0,729.0,59.92,Cancelado,Perecible,Osorno,Osorno,1555.3,5.1,Ruta Nacional,7202.0,Furgón,5000.0,38.1,2018.0,Operativo,235075.0,9.0,1.105755,0.8255102040816326,6.885564797424202,7.0,4.0,3.0
757.0,62,60.0,7468.85,37.82,En Tránsito,Peligrosa,Rancagua,Rancagua,883.7,11.8,Urbana,3386.0,Furgón,10000.0,15.6,2018.0,Operativo,235075.0,8.0,1.105755,2.424358974358974,6.885564797424202,7.0,5.0,3.0
759.0,69,60.0,8838.3,46.93,Retrasado,Frágil,Cauquenes,San Antonio,1702.3,3.0,Urbana,10084.0,Furgón,10000.0,15.6,2018.0,Operativo,235075.0,9.0,0.8838299999999999,3.0083333333333333,5.923750220290196,7.0,6.0,3.0
761.0,77,36.0,60.8,34.5,Devuelto,Refrigerada,Cauquenes,La Florida,1827.8,23.6,Camino Rural,12453.0,Camioneta,5000.0,49.1,2023.0,Operativo,138259.0,8.0,0.0121599999999999,0.7026476578411405,6.813108655213918,7.0,1.0,3.0
762.0,1,17.0,3686.9,50.0,Cancelado,Frágil,La Florida,Pucón,420.3,6.3,Camino Rural,13931.0,Furgón,10000.0,31.3,2014.0,Operativo,341278.0,8.0,0.36869,1.5974440894568689,33.14537235308113,7.0,2.0,3.0
764.0,4,44.0,1496.9,1.37,Entregado,Perecible,Temuco,Santiago,1182.4,9.6,Autopista,3738.0,Semi-Remolque,10000.0,31.05,2022.0,Operativo,306437.0,9.0,0.14969,0.044122383252818,3.1613667117726654,7.0,3.0,3.0
765.0,63,9.0,7468.85,20.27,Entregado,General,Villarrica,Coquimbo,1557.6,12.0,Camino Rural,377.0,Van,5000.0,39.1,2022.0,Fuera De Servicio,77965.0,8.0,1.105755,0.5184143222506393,0.2420390344119158,7.0,4.0,3.0
766.0,52,58.0,7468.85,8.75,Entregado,Refrigerada,San Fernando,Santiago,883.7,12.2,Autopista,7202.0,Semi-Remolque,1000.0,38.1,2017.0,Operativo,79000.0,8.0,1.105755,0.2296587926509186,6.885564797424202,7.0,5.0,3.0
767.0,10,20.0,3076.9,14.06,Entregado,Peligrosa,Curicó,Curicó,1645.1,15.2,Urbana,6351.0,Furgón,10000.0,8.6,2016.0,Operativo,263978.0,9.0,0.30769,1.6348837209302327,3.860555589325877,7.0,5.0,3.0
768.0,28,45.0,2730.8,54.34,Entregado,Refrigerada,Las Condes,San Antonio,550.1,6.7,Ruta Nacional,10017.0,Van,1000.0,25.3,2015.0,Operativo,235075.0,9.0,2.7308000000000003,2.1478260869565218,18.209416469732776,7.0,6.0,3.0
769.0,6,57.0,219.6,2.31,Cancelado,Refrigerada,San Fernando,Santiago,883.7,12.2,Autopista,7202.0,Camión,5000.0,57.1,2016.0,Operativo,110804.0,8.0,0.04392,0.0404553415061295,6.885564797424202,7.0,0.0,3.0
770.0,27,28.0,11579.4,13.27,Entregado,Refrigerada,Chillán,Pucón,1613.5,3.0,Ruta Nacional,5399.0,Semi-Remolque,5000.0,5.9,2021.0,Operativo,32072.0,9.0,1.105755,2.2491525423728813,3.34614192748683,7.0,0.0,3.0
771.0,12,50.0,13126.8,18.64,En Tránsito,Refrigerada,Cauquenes,Los Ángeles,1225.7,3.4,Autopista,4699.0,Furgón,5000.0,56.7,2017.0,En Mantención,443858.0,9.0,1.105755,0.3287477954144621,3.833727665823611,7.0,1.0,3.0
772.0,62,20.0,7468.85,30.58,En Tránsito,Refrigerada,Rancagua,Rancagua,883.7,11.8,Urbana,3386.0,Furgón,10000.0,8.6,2016.0,Operativo,263978.0,9.0,1.105755,0.8255102040816326,6.885564797424202,7.0,2.0,3.0
773.0,52,41.0,2831.1,32.09,Cancelado,Peligrosa,San Fernando,Santiago,883.7,12.2,Autopista,7202.0,Furgón,5000.0,38.8,2014.0,Operativo,33259.0,8.0,1.105755,0.8270618556701033,6.885564797424202,7.0,3.0,3.0
774.0,48,36.0,4286.3,13.17,Entregado,Refrigerada,Villarrica,Santiago,483.8,7.7,Autopista,9072.0,Camioneta,5000.0,49.1,2023.0,Operativo,138259.0,9.0,0.85726,0.2682281059063136,18.75155022736668,7.0,3.0,3.0
775.0,67,53.0,7468.85,9.94,Entregado,General,Chillán,Puerto Montt,1065.6,1.0,Autopista,1914.0,Camioneta,20000.0,13.8,2022.0,Operativo,298453.0,9.0,1.105755,0.7202898550724637,1.7961711711711714,7.0,4.0,3.0
777.0,74,8.0,3717.8,30.2,Retrasado,Peligrosa,Coquimbo,Puerto Montt,1126.4,6.1,Urbana,1399.0,Furgón,5000.0,38.1,2018.0,Operativo,235075.0,8.0,1.105755,0.8255102040816326,1.242009943181818,7.0,6.0,3.0
778.0,15,32.0,10977.4,16.34,Cancelado,Perecible,Talcahuano,Puerto Montt,1750.1,11.8,Autopista,1666.0,Camioneta,5000.0,78.9,2022.0,En Mantención,235075.0,9.0,2.19548,0.2070975918884664,0.9519456031083938,7.0,6.0,3.0
779.0,71,1.0,7468.85,56.86,Retrasado,Refrigerada,Rancagua,Maipú,487.0,15.1,Urbana,6707.0,Camioneta,20000.0,49.2,2018.0,Operativo,267419.0,9.0,1.105755,1.155691056910569,13.772073921971252,7.0,0.0,3.0
780.0,13,17.0,4474.7,27.89,Entregado,Refrigerada,San Fernando,Santiago,762.6,19.0,Autopista,7901.0,Furgón,10000.0,31.3,2014.0,Operativo,341278.0,8.0,0.44747,0.8910543130990415,10.360608444794124,7.0,1.0,3.0
781.0,14,57.0,6844.2,3.62,En Tránsito,Refrigerada,Los Ángeles,Valparaíso,1589.9,0.9,Camino Rural,4864.0,Camión,5000.0,57.1,2016.0,Operativo,110804.0,9.0,1.36884,0.0633975481611208,3.059311906409208,7.0,1.0,3.0
782.0,78,9.0,1077.4,43.78,Entregado,Refrigerada,Osorno,La Florida,824.4,5.2,Urbana,14342.0,Van,5000.0,39.1,2022.0,Fuera De Servicio,77965.0,9.0,0.21548,1.119693094629156,17.39689471130519,7.0,2.0,3.0
783.0,3,20.0,11982.3,19.8,En Tránsito,Frágil,Rancagua,Rengo,679.6,18.4,Urbana,2447.0,Furgón,10000.0,8.6,2016.0,Operativo,263978.0,9.0,1.19823,2.302325581395349,3.6006474396703942,7.0,3.0,3.0
784.0,67,45.0,3657.1,39.24,En Tránsito,Refrigerada,Chillán,Puerto Montt,1065.6,1.0,Autopista,1914.0,Van,1000.0,25.3,2015.0,Operativo,235075.0,8.0,3.6571,1.55098814229249,1.7961711711711714,7.0,4.0,3.0
785.0,19,32.0,7468.85,16.85,En Tránsito,Peligrosa,Puerto Montt,Talca,1625.7,19.9,Urbana,1526.0,Camioneta,5000.0,78.9,2022.0,En Mantención,235075.0,9.0,1.105755,0.2135614702154626,0.938672571815218,7.0,4.0,3.0
786.0,76,2.0,1034.5,34.29,Cancelado,Peligrosa,Ovalle,La Serena,647.2,21.9,Ruta Nacional,12546.0,Furgón,5000.0,38.7,2019.0,Operativo,179180.0,9.0,0.2069,0.8860465116279069,19.385043263288008,7.0,5.0,3.0
787.0,54,32.0,14326.9,46.35,En Tránsito,Frágil,Pucón,Osorno,147.7,21.5,Urbana,2006.0,Camioneta,5000.0,78.9,2022.0,En Mantención,235075.0,9.0,2.86538,0.5874524714828897,13.581584292484768,7.0,6.0,3.0
788.0,69,45.0,2903.3,55.69,Entregado,Refrigerada,Cauquenes,San Antonio,1702.3,3.0,Urbana,10084.0,Van,1000.0,25.3,2015.0,Operativo,235075.0,8.0,2.9033,2.201185770750988,5.923750220290196,7.0,0.0,3.0
789.0,10,9.0,7468.85,15.74,Entregado,General,Curicó,Curicó,1645.1,15.2,Urbana,6351.0,Van,5000.0,39.1,2022.0,Fuera De Servicio,77965.0,9.0,1.105755,0.4025575447570332,3.860555589325877,7.0,0.0,3.0
791.0,13,20.0,14518.2,27.91,Entregado,Peligrosa,San Fernando,Santiago,762.6,19.0,Autopista,7901.0,Furgón,10000.0,8.6,2016.0,Operativo,263978.0,9.0,1.45182,3.2453488372093027,10.360608444794124,7.0,2.0,3.0
792.0,51,38.0,7173.6,55.64,Entregado,Perecible,Puente Alto,Castro,489.3,6.2,Ruta Nacional,941.0,Camioneta,5000.0,69.7,2015.0,Operativo,37268.0,8.0,1.43472,0.7982783357245337,1.9231555283057429,8.0,3.0,3.0
793.0,32,60.0,10913.7,54.09,Entregado,Perecible,Rancagua,Temuco,234.5,13.8,Urbana,12045.0,Furgón,10000.0,15.6,2018.0,Operativo,235075.0,9.0,1.0913700000000002,3.4673076923076924,51.36460554371002,8.0,3.0,3.0
795.0,24,60.0,2773.7,8.0,Entregado,Refrigerada,Castro,Chillán,1776.8,12.2,Autopista,10956.0,Furgón,10000.0,15.6,2018.0,Operativo,235075.0,8.0,0.27737,0.5128205128205129,6.166141377757767,8.0,5.0,3.0
796.0,35,57.0,6651.7,29.78,Cancelado,Frágil,Rancagua,Angol,1308.4,19.1,Autopista,3708.0,Camión,5000.0,57.1,2016.0,Operativo,110804.0,9.0,1.33034,0.5215411558669002,2.8339957199633137,8.0,5.0,3.0
797.0,70,5.0,2494.6,6.49,Devuelto,Refrigerada,Talcahuano,Curicó,467.1,23.7,Autopista,13463.0,Semi-Remolque,3000.0,42.4,2010.0,Operativo,154526.0,9.0,0.8315333333333333,0.153066037735849,28.822521943909223,8.0,6.0,3.0
798.0,40,35.0,14730.8,20.8,Devuelto,General,Cauquenes,Viña del Mar,662.3,10.0,Camino Rural,4915.0,Semi-Remolque,3000.0,19.9,2022.0,Operativo,409273.0,9.0,4.910266666666667,1.0452261306532664,7.421108259097086,8.0,0.0,3.0
799.0,54,36.0,1452.7,30.58,Entregado,General,Pucón,Osorno,147.7,21.5,Urbana,2006.0,Camioneta,5000.0,49.1,2023.0,Operativo,138259.0,8.0,0.29054,0.8255102040816326,13.581584292484768,8.0,1.0,3.0
800.0,44,1.0,8842.3,38.2,Cancelado,General,Ovalle,Santiago,799.5,1.4,Camino Rural,13523.0,Camioneta,20000.0,49.2,2018.0,Operativo,267419.0,9.0,0.442115,0.7764227642276423,16.914321450906815,8.0,1.0,3.0
801.0,62,14.0,9400.7,56.97,Devuelto,Perecible,Rancagua,Rancagua,883.7,11.8,Urbana,3386.0,Furgón,1000.0,33.5,2016.0,Operativo,151609.0,9.0,9.4007,1.700597014925373,6.885564797424202,8.0,2.0,3.0
802.0,68,9.0,8075.8,59.8,Cancelado,Refrigerada,Osorno,Santiago,883.7,19.4,Urbana,13550.0,Van,5000.0,39.1,2022.0,Fuera De Servicio,77965.0,9.0,1.61516,1.5294117647058822,6.885564797424202,8.0,3.0,3.0
803.0,33,30.0,9936.2,22.58,En Tránsito,Refrigerada,Las Condes,Osorno,1414.7,13.7,Urbana,10742.0,Camión,1000.0,28.2,2021.0,Fuera De Servicio,235075.0,8.0,9.9362,0.800709219858156,7.593129285360853,8.0,4.0,3.0
804.0,77,24.0,1751.5,35.98,Retrasado,Frágil,Cauquenes,La Florida,1827.8,23.6,Camino Rural,12453.0,Van,10000.0,16.2,2012.0,Operativo,337731.0,9.0,0.17515,2.220987654320988,6.813108655213918,8.0,4.0,3.0
806.0,36,13.0,4315.3,7.14,Cancelado,General,Ovalle,Chillán,1549.9,3.6,Autopista,14941.0,Furgón,5000.0,38.1,2018.0,Operativo,235075.0,9.0,1.105755,0.8255102040816326,9.639976772695013,8.0,6.0,3.0
810.0,12,25.0,573.0,30.58,Entregado,Refrigerada,Cauquenes,Los Ángeles,1225.7,3.4,Autopista,4699.0,Furgón,1000.0,47.9,2015.0,En Mantención,354382.0,9.0,0.573,0.8255102040816326,3.833727665823611,8.0,2.0,3.0
811.0,11,10.0,4284.1,4.65,Entregado,Frágil,La Serena,Rengo,128.4,16.6,Urbana,68.0,Van,1000.0,20.7,2024.0,Operativo,431424.0,9.0,4.2841000000000005,0.2246376811594203,0.5295950155763239,8.0,2.0,3.0
812.0,70,35.0,2939.4,41.75,Devuelto,Frágil,Talcahuano,Curicó,467.1,23.7,Autopista,13463.0,Semi-Remolque,3000.0,19.9,2022.0,Operativo,409273.0,9.0,0.9798,2.097989949748744,28.822521943909223,8.0,3.0,3.0
813.0,12,55.0,1772.0,15.24,Devuelto,General,Cauquenes,Los Ángeles,1225.7,3.4,Autopista,4699.0,Furgón,5000.0,55.5,2021.0,En Mantención,398945.0,9.0,0.3544,0.2745945945945946,3.833727665823611,8.0,4.0,3.0
814.0,41,7.0,3642.5,18.75,Entregado,Frágil,Quilpué,Puerto Montt,1721.5,21.1,Urbana,3153.0,Furgón,10000.0,48.7,2022.0,Operativo,235075.0,8.0,0.36425,0.3850102669404517,1.831542259657276,8.0,5.0,3.0
815.0,25,42.0,7468.85,7.35,Cancelado,General,Coquimbo,Concepción,213.5,1.2,Ruta Nacional,6799.0,Furgón,20000.0,6.7,2016.0,Operativo,456799.0,9.0,1.105755,1.0970149253731345,31.84543325526932,8.0,5.0,3.0
817.0,3,4.0,7640.0,29.66,Entregado,Frágil,Rancagua,Rengo,679.6,18.4,Urbana,2447.0,Camioneta,1000.0,49.2,2017.0,Operativo,13823.0,9.0,7.64,0.6028455284552845,3.6006474396703942,8.0,0.0,3.0
818.0,28,50.0,13318.4,34.37,Entregado,General,Las Condes,San Antonio,550.1,6.7,Ruta Nacional,10017.0,Furgón,5000.0,56.7,2017.0,En Mantención,443858.0,8.0,1.105755,0.6061728395061727,18.209416469732776,8.0,1.0,3.0
819.0,23,43.0,7468.85,34.21,Entregado,Refrigerada,Chillán,Valparaíso,1884.9,16.5,Autopista,9906.0,Camioneta,5000.0,53.1,2024.0,Fuera De Servicio,89400.0,9.0,1.105755,0.644256120527307,5.255451217571224,8.0,1.0,3.0
820.0,48,57.0,5925.5,24.69,Entregado,Refrigerada,Villarrica,Santiago,483.8,7.7,Autopista,9072.0,Camión,5000.0,57.1,2016.0,Operativo,110804.0,9.0,1.1851,0.432399299474606,18.75155022736668,8.0,2.0,3.0
821.0,67,36.0,5593.3,11.63,Entregado,Refrigerada,Chillán,Puerto Montt,1065.6,1.0,Autopista,1914.0,Camioneta,5000.0,49.1,2023.0,Operativo,138259.0,9.0,1.11866,0.2368635437881874,1.7961711711711714,8.0,3.0,3.0
822.0,42,56.0,6841.5,44.73,Cancelado,General,La Florida,San Antonio,254.0,12.2,Ruta Nacional,7465.0,Camioneta,10000.0,13.6,2014.0,Operativo,123259.0,9.0,0.68415,3.2889705882352938,29.38976377952756,8.0,3.0,3.0
823.0,40,14.0,2663.9,7.71,En Tránsito,Perecible,Cauquenes,Viña del Mar,662.3,10.0,Camino Rural,4915.0,Furgón,1000.0,33.5,2016.0,Operativo,151609.0,9.0,2.6639,0.2301492537313433,7.421108259097086,8.0,4.0,3.0
824.0,13,18.0,9513.7,30.58,Cancelado,Refrigerada,San Fernando,Santiago,762.6,19.0,Autopista,7901.0,Furgón,20000.0,38.9,2023.0,En Mantención,243705.0,9.0,0.475685,0.8255102040816326,10.360608444794124,8.0,5.0,3.0
825.0,20,8.0,5468.7,42.64,Entregado,General,Viña del Mar,Santiago,1071.6,14.5,Ruta Nacional,737.0,Furgón,5000.0,38.1,2018.0,Operativo,235075.0,9.0,1.105755,0.8255102040816326,0.6877566256065697,8.0,6.0,3.0
826.0,11,32.0,12787.0,12.61,Entregado,Refrigerada,La Serena,Rengo,128.4,16.6,Urbana,68.0,Camioneta,5000.0,78.9,2022.0,En Mantención,235075.0,9.0,2.5574,0.1598225602027883,0.5295950155763239,8.0,6.0,3.0
828.0,13,42.0,9161.6,28.57,Cancelado,Peligrosa,San Fernando,Santiago,762.6,19.0,Autopista,7901.0,Furgón,20000.0,6.7,2016.0,Operativo,456799.0,9.0,0.45808,4.264179104477612,10.360608444794124,8.0,1.0,3.0
830.0,35,23.0,3156.9,42.54,Entregado,General,Rancagua,Angol,1308.4,19.1,Autopista,3708.0,Camión,1000.0,62.1,2024.0,Operativo,397688.0,9.0,3.1569000000000003,0.6850241545893719,2.8339957199633137,8.0,2.0,3.0
831.0,47,7.0,11644.5,37.44,Retrasado,General,San Fernando,La Serena,29.6,3.2,Autopista,8950.0,Furgón,10000.0,48.7,2022.0,Operativo,235075.0,9.0,1.16445,0.7687885010266939,302.36486486486484,8.0,3.0,3.0
832.0,28,12.0,7301.3,38.7,Retrasado,Refrigerada,Las Condes,San Antonio,550.1,6.7,Ruta Nacional,10017.0,Furgón,20000.0,23.1,2010.0,Operativo,282654.0,9.0,0.365065,1.675324675324675,18.209416469732776,8.0,4.0,3.0
833.0,21,25.0,3379.0,42.87,Cancelado,General,Desconocido,Valparaíso,115.0,19.2,Camino Rural,80.0,Furgón,1000.0,47.9,2015.0,En Mantención,354382.0,9.0,3.379,0.8949895615866388,0.6956521739130435,8.0,4.0,3.0
834.0,18,3.0,2935.7,17.63,Entregado,Refrigerada,Ovalle,Santiago,545.4,7.8,Ruta Nacional,13638.0,Camión,10000.0,69.4,2012.0,En Mantención,478395.0,9.0,0.29357,0.2540345821325648,25.005500550055007,8.0,5.0,3.0
835.0,31,26.0,2489.4,19.41,Entregado,General,Castro,Concepción,883.7,12.7,Ruta Nacional,11863.0,Semi-Remolque,5000.0,24.0,2016.0,Operativo,347864.0,9.0,0.49788,0.80875,13.424238995134097,9.0,6.0,3.0
837.0,37,42.0,3442.5,18.52,En Tránsito,General,Viña del Mar,San Antonio,723.1,7.8,Urbana,1551.0,Furgón,20000.0,6.7,2016.0,Operativo,456799.0,9.0,0.172125,2.764179104477612,2.144931544737934,9.0,0.0,3.0
838.0,21,36.0,7904.4,59.1,Entregado,Perecible,Desconocido,Valparaíso,115.0,19.2,Camino Rural,80.0,Camioneta,5000.0,49.1,2023.0,Operativo,138259.0,9.0,1.5808799999999998,1.2036659877800406,0.6956521739130435,9.0,1.0,3.0
839.0,14,13.0,6778.7,48.86,Entregado,Refrigerada,Los Ángeles,Valparaíso,1589.9,0.9,Camino Rural,4864.0,Furgón,5000.0,38.1,2018.0,Operativo,235075.0,9.0,1.105755,0.8255102040816326,3.059311906409208,9.0,2.0,3.0
841.0,23,29.0,7468.85,0.44,Retrasado,Perecible,Chillán,Valparaíso,1884.9,16.5,Autopista,9906.0,Camión,10000.0,14.8,2018.0,Fuera De Servicio,91015.0,9.0,1.105755,0.0297297297297297,5.255451217571224,9.0,3.0,3.0
842.0,29,10.0,7468.85,2.66,Entregado,Perecible,Ovalle,Pucón,948.5,20.2,Ruta Nacional,609.0,Van,1000.0,20.7,2024.0,Operativo,431424.0,9.0,1.105755,0.1285024154589372,0.6420664206642066,9.0,4.0,3.0
843.0,47,21.0,6771.6,14.72,Entregado,Perecible,San Fernando,La Serena,29.6,3.2,Autopista,8950.0,Semi-Remolque,5000.0,63.2,2024.0,Fuera De Servicio,154854.0,9.0,1.105755,0.2329113924050632,302.36486486486484,9.0,5.0,3.0
844.0,30,54.0,240.3,6.95,Retrasado,Frágil,Linares,San Fernando,1424.9,1.3,Autopista,5861.0,Van,5000.0,63.9,2020.0,Operativo,295428.0,9.0,0.04806,0.1087636932707355,4.113271106744333,9.0,6.0,3.0
845.0,38,16.0,6402.4,32.05,Devuelto,Peligrosa,Pucón,Cauquenes,374.6,15.0,Urbana,2710.0,Camioneta,1000.0,78.5,2020.0,Fuera De Servicio,115935.0,9.0,6.402399999999999,0.40828025477707,7.234383342231713,9.0,6.0,3.0
846.0,27,47.0,9096.8,51.49,Entregado,Frágil,Chillán,Pucón,1613.5,3.0,Ruta Nacional,5399.0,Furgón,10000.0,54.1,2022.0,Operativo,191502.0,9.0,0.90968,0.9517560073937154,3.34614192748683,9.0,0.0,3.0
847.0,15,19.0,8370.9,44.23,Entregado,General,Talcahuano,Puerto Montt,1750.1,11.8,Autopista,1666.0,Van,20000.0,15.0,2014.0,Operativo,344398.0,9.0,0.418545,2.9486666666666665,0.9519456031083938,9.0,1.0,3.0
848.0,59,29.0,9773.5,30.58,Cancelado,General,Temuco,Santiago,1070.4,3.5,Autopista,2117.0,Camión,10000.0,14.8,2018.0,Fuera De Servicio,91015.0,10.0,0.97735,0.8255102040816326,1.977765321375187,9.0,1.0,3.0
850.0,10,51.0,9701.6,30.52,Retrasado,Peligrosa,Curicó,Curicó,1645.1,15.2,Urbana,6351.0,Van,10000.0,47.4,2024.0,Operativo,219137.0,9.0,0.97016,0.6438818565400845,3.860555589325877,9.0,3.0,3.0
851.0,79,18.0,2747.9,48.63,En Tránsito,Peligrosa,Villarrica,Puente Alto,1499.0,3.7,Autopista,10474.0,Furgón,20000.0,38.9,2023.0,En Mantención,243705.0,9.0,0.137395,1.2501285347043702,6.987324883255504,9.0,4.0,3.0
852.0,80,58.0,7468.85,50.36,Entregado,Perecible,Puerto Montt,Viña del Mar,235.8,1.8,Ruta Nacional,3117.0,Semi-Remolque,1000.0,38.1,2017.0,Operativo,79000.0,9.0,1.105755,1.321784776902887,13.21882951653944,9.0,4.0,3.0
853.0,17,44.0,5092.9,54.59,En Tránsito,Frágil,Maipú,Rancagua,1556.6,17.9,Autopista,3799.0,Semi-Remolque,10000.0,31.05,2022.0,Operativo,306437.0,9.0,0.5092899999999999,1.758132045088567,2.4405756135166388,9.0,5.0,3.0
854.0,11,57.0,10651.3,30.6,En Tránsito,General,La Serena,Rengo,128.4,16.6,Urbana,68.0,Camión,5000.0,57.1,2016.0,Operativo,110804.0,9.0,2.13026,0.5359019264448336,0.5295950155763239,9.0,6.0,3.0
856.0,5,13.0,7468.85,6.8,Entregado,Frágil,Cauquenes,San Fernando,914.3,22.9,Camino Rural,5128.0,Furgón,5000.0,38.1,2018.0,Operativo,235075.0,9.0,1.105755,0.8255102040816326,5.608662364650552,9.0,0.0,3.0
857.0,69,48.0,10578.5,33.96,Devuelto,Frágil,Cauquenes,San Antonio,1702.3,3.0,Urbana,10084.0,Furgón,10000.0,36.2,2021.0,Operativo,117009.0,9.0,1.05785,0.938121546961326,5.923750220290196,9.0,1.0,3.0
860.0,50,15.0,9465.4,38.08,Cancelado,General,Angol,Los Ángeles,426.6,9.1,Autopista,12235.0,Furgón,5000.0,38.6,2023.0,Operativo,475899.0,9.0,1.105755,0.9865284974093264,28.68026254102203,9.0,3.0,3.0
864.0,7,5.0,7468.85,30.58,Entregado,Peligrosa,Rengo,Angol,435.0,23.1,Autopista,8725.0,Semi-Remolque,3000.0,42.4,2010.0,Operativo,154526.0,9.0,1.105755,0.8255102040816326,20.057471264367816,9.0,6.0,3.0
865.0,16,42.0,7092.2,0.6,Entregado,Perecible,Santiago,San Antonio,1703.5,8.3,Autopista,6641.0,Furgón,20000.0,6.7,2016.0,Operativo,456799.0,9.0,0.35461,0.0895522388059701,3.898444379219255,9.0,0.0,3.0
866.0,55,22.0,10477.7,6.71,Cancelado,Frágil,Viña del Mar,Viña del Mar,669.1,3.0,Autopista,13286.0,Van,10000.0,47.8,2020.0,Operativo,386924.0,9.0,1.04777,0.1403765690376569,19.85652368853684,9.0,1.0,3.0
867.0,78,53.0,6511.1,14.45,Entregado,Refrigerada,Osorno,La Florida,824.4,5.2,Urbana,14342.0,Camioneta,20000.0,13.8,2022.0,Operativo,298453.0,10.0,0.325555,1.0471014492753623,17.39689471130519,9.0,1.0,3.0
868.0,56,36.0,3042.1,13.35,Entregado,Frágil,Quilpué,Puente Alto,572.2,17.1,Camino Rural,9738.0,Camioneta,5000.0,49.1,2023.0,Operativo,138259.0,9.0,0.60842,0.2718940936863543,17.018524991261796,9.0,2.0,3.0
870.0,48,13.0,97.0,18.43,Retrasado,Refrigerada,Villarrica,Santiago,483.8,7.7,Autopista,9072.0,Van,5000.0,22.1,2015.0,Operativo,447261.0,9.0,0.0194,0.8339366515837103,18.75155022736668,9.0,4.0,3.0
871.0,17,1.0,4521.4,7.73,Devuelto,Frágil,Maipú,Rancagua,1556.6,17.9,Autopista,3799.0,Camioneta,20000.0,49.2,2018.0,Operativo,267419.0,9.0,0.22607,0.1571138211382113,2.4405756135166388,9.0,4.0,3.0
873.0,70,55.0,11914.5,51.49,Entregado,Peligrosa,Talcahuano,Curicó,467.1,23.7,Autopista,13463.0,Furgón,5000.0,55.5,2021.0,En Mantención,398945.0,9.0,2.3829,0.9277477477477478,28.822521943909223,9.0,6.0,3.0
874.0,80,13.0,3045.0,40.72,Entregado,Perecible,Puerto Montt,Viña del Mar,235.8,1.8,Ruta Nacional,3117.0,Furgón,5000.0,38.1,2018.0,Operativo,235075.0,10.0,1.105755,0.8255102040816326,13.21882951653944,9.0,6.0,3.0
875.0,38,22.0,14386.1,17.84,En Tránsito,Frágil,Pucón,Cauquenes,374.6,15.0,Urbana,2710.0,Van,10000.0,47.8,2020.0,Operativo,386924.0,9.0,1.43861,0.3732217573221758,7.234383342231713,9.0,0.0,3.0
876.0,62,32.0,7541.0,33.74,En Tránsito,Peligrosa,Rancagua,Rancagua,883.7,11.8,Urbana,3386.0,Camioneta,5000.0,78.9,2022.0,En Mantención,235075.0,9.0,1.5082,0.4276299112801014,6.885564797424202,10.0,1.0,4.0
877.0,48,13.0,13755.5,42.92,Entregado,General,Villarrica,Santiago,483.8,7.7,Autopista,9072.0,Furgón,5000.0,38.1,2018.0,Operativo,235075.0,9.0,1.105755,0.8255102040816326,18.75155022736668,10.0,2.0,4.0
878.0,10,51.0,10604.4,43.71,Entregado,Peligrosa,Curicó,Curicó,1645.1,15.2,Urbana,6351.0,Van,10000.0,47.4,2024.0,Operativo,219137.0,10.0,1.06044,0.9221518987341772,3.860555589325877,10.0,2.0,4.0
879.0,36,15.0,10839.3,40.03,En Tránsito,Perecible,Ovalle,Chillán,1549.9,3.6,Autopista,14941.0,Furgón,5000.0,38.6,2023.0,Operativo,475899.0,9.0,1.105755,1.0370466321243523,9.639976772695013,10.0,3.0,4.0
881.0,78,46.0,3307.7,52.22,Entregado,Frágil,Osorno,La Florida,824.4,5.2,Urbana,14342.0,Camión,10000.0,20.5,2022.0,En Mantención,17043.0,9.0,0.33077,2.547317073170732,17.39689471130519,10.0,5.0,4.0
882.0,4,52.0,142.1,34.78,Cancelado,Frágil,Temuco,Santiago,1182.4,9.6,Autopista,3738.0,Semi-Remolque,5000.0,69.4,2013.0,En Mantención,171940.0,10.0,0.0284199999999999,0.5011527377521614,3.1613667117726654,10.0,5.0,4.0
883.0,44,42.0,10744.8,25.85,Entregado,Refrigerada,Ovalle,Santiago,799.5,1.4,Camino Rural,13523.0,Furgón,20000.0,6.7,2016.0,Operativo,456799.0,9.0,0.5372399999999999,3.8582089552238807,16.914321450906815,10.0,6.0,4.0
884.0,56,53.0,5173.1,38.53,Retrasado,Frágil,Quilpué,Puente Alto,572.2,17.1,Camino Rural,9738.0,Camioneta,20000.0,13.8,2022.0,Operativo,298453.0,9.0,0.258655,2.792028985507246,17.018524991261796,10.0,0.0,4.0
885.0,42,12.0,11801.9,49.11,Cancelado,Refrigerada,La Florida,San Antonio,254.0,12.2,Ruta Nacional,7465.0,Furgón,20000.0,23.1,2010.0,Operativo,282654.0,10.0,0.590095,2.125974025974026,29.38976377952756,10.0,0.0,4.0
887.0,46,1.0,12291.8,59.52,Entregado,Perecible,San Fernando,La Serena,314.7,12.2,Ruta Nacional,4798.0,Camioneta,20000.0,49.2,2018.0,Operativo,267419.0,9.0,0.61459,1.2097560975609756,15.246266285351128,10.0,2.0,4.0
888.0,33,53.0,1969.2,11.06,Entregado,General,Las Condes,Osorno,1414.7,13.7,Urbana,10742.0,Camioneta,20000.0,13.8,2022.0,Operativo,298453.0,9.0,0.09846,0.8014492753623188,7.593129285360853,10.0,3.0,4.0
890.0,80,41.0,5119.7,52.33,Entregado,Peligrosa,Puerto Montt,Viña del Mar,235.8,1.8,Ruta Nacional,3117.0,Furgón,5000.0,38.8,2014.0,Operativo,33259.0,9.0,1.105755,1.3487113402061857,13.21882951653944,10.0,4.0,4.0
891.0,79,55.0,6133.2,13.58,Retrasado,Peligrosa,Villarrica,Puente Alto,1499.0,3.7,Autopista,10474.0,Furgón,5000.0,55.5,2021.0,En Mantención,398945.0,9.0,1.22664,0.2446846846846846,6.987324883255504,10.0,5.0,4.0
892.0,57,51.0,5237.1,28.66,Devuelto,General,Villarrica,La Serena,1114.8,12.2,Autopista,2453.0,Van,10000.0,47.4,2024.0,Operativo,219137.0,9.0,0.52371,0.6046413502109705,2.200394689630427,10.0,6.0,4.0
893.0,69,57.0,11457.1,8.04,Devuelto,Peligrosa,Cauquenes,San Antonio,1702.3,3.0,Urbana,10084.0,Camión,5000.0,57.1,2016.0,Operativo,110804.0,10.0,2.29142,0.1408056042031523,5.923750220290196,10.0,6.0,4.0
894.0,70,50.0,1463.3,23.77,En Tránsito,Refrigerada,Talcahuano,Curicó,467.1,23.7,Autopista,13463.0,Furgón,5000.0,56.7,2017.0,En Mantención,443858.0,9.0,1.105755,0.4192239858906525,28.822521943909223,10.0,0.0,4.0
895.0,67,28.0,5274.7,10.71,Retrasado,Perecible,Chillán,Puerto Montt,1065.6,1.0,Autopista,1914.0,Semi-Remolque,5000.0,5.9,2021.0,Operativo,32072.0,9.0,1.105755,1.815254237288136,1.7961711711711714,10.0,1.0,4.0
896.0,48,7.0,12560.2,21.88,Devuelto,Frágil,Villarrica,Santiago,483.8,7.7,Autopista,9072.0,Furgón,10000.0,48.7,2022.0,Operativo,235075.0,9.0,1.25602,0.4492813141683778,18.75155022736668,10.0,2.0,4.0
897.0,76,9.0,1011.3,22.47,Entregado,Refrigerada,Ovalle,La Serena,647.2,21.9,Ruta Nacional,12546.0,Van,5000.0,39.1,2022.0,Fuera De Servicio,77965.0,10.0,0.20226,0.5746803069053708,19.385043263288008,10.0,2.0,4.0
900.0,33,53.0,7468.85,6.98,Entregado,Frágil,Las Condes,Osorno,1414.7,13.7,Urbana,10742.0,Camioneta,20000.0,13.8,2022.0,Operativo,298453.0,10.0,1.105755,0.5057971014492754,7.593129285360853,10.0,4.0,4.0
901.0,31,12.0,4376.2,43.59,Cancelado,Perecible,Castro,Concepción,883.7,12.7,Ruta Nacional,11863.0,Furgón,20000.0,23.1,2010.0,Operativo,282654.0,10.0,0.21881,1.887012987012987,13.424238995134097,10.0,5.0,4.0
902.0,21,7.0,5592.3,3.2,En Tránsito,Perecible,Desconocido,Valparaíso,115.0,19.2,Camino Rural,80.0,Furgón,10000.0,48.7,2022.0,Operativo,235075.0,9.0,0.55923,0.0657084188911704,0.6956521739130435,10.0,6.0,4.0
904.0,72,47.0,8942.9,6.41,Retrasado,Refrigerada,Temuco,Las Condes,751.5,15.8,Urbana,6554.0,Furgón,10000.0,54.1,2022.0,Operativo,191502.0,10.0,0.8942899999999999,0.1184842883548983,8.721224218230207,10.0,0.0,4.0
905.0,62,15.0,9669.0,57.93,En Tránsito,Refrigerada,Rancagua,Rancagua,883.7,11.8,Urbana,3386.0,Furgón,5000.0,38.6,2023.0,Operativo,475899.0,10.0,1.105755,1.5007772020725387,6.885564797424202,10.0,1.0,4.0
906.0,26,38.0,11365.1,56.46,En Tránsito,Frágil,Rancagua,Los Ángeles,1490.8,8.4,Autopista,10265.0,Camioneta,5000.0,69.7,2015.0,Operativo,37268.0,9.0,2.2730200000000003,0.8100430416068867,6.885564797424202,10.0,2.0,4.0
907.0,66,21.0,1778.5,11.72,Entregado,Refrigerada,San Fernando,Santiago,883.7,12.2,Autopista,7202.0,Semi-Remolque,5000.0,63.2,2024.0,Fuera De Servicio,154854.0,9.0,1.105755,0.1854430379746835,6.885564797424202,10.0,3.0,4.0
909.0,22,2.0,10587.2,14.51,Entregado,Perecible,Castro,Talca,919.3,23.7,Urbana,4921.0,Furgón,5000.0,38.7,2019.0,Operativo,179180.0,9.0,2.11744,0.3749354005167958,5.352985967584032,10.0,4.0,4.0
910.0,17,8.0,8664.4,30.58,En Tránsito,Perecible,Maipú,Rancagua,1556.6,17.9,Autopista,3799.0,Furgón,5000.0,38.1,2018.0,Operativo,235075.0,9.0,1.105755,0.8255102040816326,2.4405756135166388,10.0,5.0,4.0
912.0,68,55.0,10507.6,13.37,Cancelado,Perecible,Osorno,Santiago,883.7,19.4,Urbana,13550.0,Furgón,5000.0,55.5,2021.0,En Mantención,398945.0,10.0,2.1015200000000003,0.2409009009009008,6.885564797424202,10.0,6.0,4.0
914.0,38,37.0,6451.9,18.64,En Tránsito,Frágil,Pucón,Cauquenes,374.6,15.0,Urbana,2710.0,Semi-Remolque,5000.0,9.8,2019.0,Operativo,40916.0,9.0,1.29038,1.9020408163265303,7.234383342231713,10.0,1.0,4.0
915.0,11,37.0,7468.85,55.34,En Tránsito,Refrigerada,La Serena,Rengo,128.4,16.6,Urbana,68.0,Semi-Remolque,5000.0,9.8,2019.0,Operativo,40916.0,10.0,1.105755,5.646938775510204,0.5295950155763239,10.0,1.0,4.0
916.0,1,57.0,837.7,39.44,Entregado,Frágil,La Florida,Pucón,420.3,6.3,Camino Rural,13931.0,Camión,5000.0,57.1,2016.0,Operativo,110804.0,10.0,0.16754,0.6907180385288966,33.14537235308113,10.0,2.0,4.0
917.0,13,33.0,14320.0,26.24,Entregado,Peligrosa,San Fernando,Santiago,762.6,19.0,Autopista,7901.0,Van,3000.0,28.1,2017.0,Operativo,186774.0,9.0,4.773333333333333,0.9338078291814944,10.360608444794124,10.0,3.0,4.0
918.0,42,41.0,1937.4,47.42,Entregado,Perecible,La Florida,San Antonio,254.0,12.2,Ruta Nacional,7465.0,Furgón,5000.0,38.8,2014.0,Operativo,33259.0,9.0,1.105755,1.2221649484536083,29.38976377952756,11.0,4.0,4.0
920.0,24,52.0,7598.4,17.5,Entregado,Peligrosa,Castro,Chillán,1776.8,12.2,Autopista,10956.0,Semi-Remolque,5000.0,69.4,2013.0,En Mantención,171940.0,10.0,1.51968,0.2521613832853026,6.166141377757767,11.0,5.0,4.0
921.0,53,13.0,394.2,20.45,Entregado,General,Temuco,Coquimbo,1433.7,5.1,Autopista,7421.0,Furgón,5000.0,38.1,2018.0,Operativo,235075.0,9.0,1.105755,0.8255102040816326,5.17611773732301,11.0,6.0,4.0
922.0,56,39.0,7468.85,56.16,Entregado,Refrigerada,Quilpué,Puente Alto,572.2,17.1,Camino Rural,9738.0,Furgón,5000.0,38.1,2018.0,Operativo,235075.0,9.0,1.105755,0.8255102040816326,17.018524991261796,11.0,0.0,4.0
923.0,63,41.0,12779.0,9.97,Entregado,Refrigerada,Villarrica,Coquimbo,1557.6,12.0,Camino Rural,377.0,Furgón,5000.0,38.8,2014.0,Operativo,33259.0,10.0,1.105755,0.2569587628865979,0.2420390344119158,11.0,0.0,4.0
924.0,8,37.0,7868.6,2.62,Entregado,Perecible,Osorno,Quilpué,31.2,10.6,Autopista,14632.0,Semi-Remolque,5000.0,9.8,2019.0,Operativo,40916.0,10.0,1.57372,0.2673469387755102,468.974358974359,11.0,1.0,4.0
925.0,59,14.0,3441.8,27.3,Entregado,Peligrosa,Temuco,Santiago,1070.4,3.5,Autopista,2117.0,Furgón,1000.0,33.5,2016.0,Operativo,151609.0,9.0,3.4418,0.8149253731343283,1.977765321375187,11.0,2.0,4.0
926.0,45,37.0,1833.1,48.09,Entregado,Perecible,Ovalle,Quilpué,1876.7,13.5,Autopista,521.0,Semi-Remolque,5000.0,9.8,2019.0,Operativo,40916.0,10.0,0.36662,4.9071428571428575,0.2776149624340597,11.0,2.0,4.0
927.0,27,8.0,7468.85,46.32,Entregado,General,Chillán,Pucón,1613.5,3.0,Ruta Nacional,5399.0,Furgón,5000.0,38.1,2018.0,Operativo,235075.0,10.0,1.105755,0.8255102040816326,3.34614192748683,11.0,3.0,4.0
928.0,52,39.0,3838.9,55.18,En Tránsito,General,San Fernando,Santiago,883.7,12.2,Autopista,7202.0,Furgón,5000.0,38.1,2018.0,Operativo,235075.0,9.0,1.105755,0.8255102040816326,6.885564797424202,11.0,4.0,4.0
929.0,18,13.0,7605.3,32.04,Devuelto,Refrigerada,Ovalle,Santiago,545.4,7.8,Ruta Nacional,13638.0,Van,5000.0,22.1,2015.0,Operativo,447261.0,9.0,1.52106,1.4497737556561086,25.005500550055007,11.0,5.0,4.0
930.0,16,13.0,14496.5,6.09,Entregado,General,Santiago,San Antonio,1703.5,8.3,Autopista,6641.0,Van,5000.0,22.1,2015.0,Operativo,447261.0,10.0,2.8993,0.2755656108597284,3.898444379219255,11.0,5.0,4.0
931.0,66,40.0,8628.6,35.36,Cancelado,Refrigerada,San Fernando,Santiago,883.7,12.2,Autopista,7202.0,Camioneta,3000.0,23.5,2019.0,En Mantención,253966.0,10.0,2.8762000000000003,1.50468085106383,6.885564797424202,11.0,6.0,4.0
932.0,5,43.0,13350.1,46.73,Entregado,Peligrosa,Cauquenes,San Fernando,914.3,22.9,Camino Rural,5128.0,Camioneta,5000.0,53.1,2024.0,Fuera De Servicio,89400.0,9.0,2.67002,0.8800376647834274,5.608662364650552,11.0,0.0,4.0
933.0,3,28.0,9766.7,30.58,En Tránsito,Refrigerada,Rancagua,Rengo,679.6,18.4,Urbana,2447.0,Semi-Remolque,5000.0,5.9,2021.0,Operativo,32072.0,9.0,1.105755,0.8255102040816326,3.6006474396703942,11.0,1.0,4.0
934.0,80,58.0,7133.9,10.44,Entregado,General,Puerto Montt,Viña del Mar,235.8,1.8,Ruta Nacional,3117.0,Semi-Remolque,1000.0,38.1,2017.0,Operativo,79000.0,10.0,7.1339,0.274015748031496,13.21882951653944,11.0,1.0,4.0
936.0,7,57.0,7075.8,35.66,Retrasado,Refrigerada,Rengo,Angol,435.0,23.1,Autopista,8725.0,Camión,5000.0,57.1,2016.0,Operativo,110804.0,9.0,1.41516,0.6245183887915936,20.057471264367816,11.0,3.0,4.0
937.0,50,19.0,13030.7,53.22,Entregado,Perecible,Angol,Los Ángeles,426.6,9.1,Autopista,12235.0,Van,20000.0,15.0,2014.0,Operativo,344398.0,10.0,0.6515350000000001,3.548,28.68026254102203,11.0,3.0,4.0
938.0,14,38.0,4380.7,40.27,Entregado,Frágil,Los Ángeles,Valparaíso,1589.9,0.9,Camino Rural,4864.0,Camioneta,5000.0,69.7,2015.0,Operativo,37268.0,10.0,0.8761399999999999,0.5777618364418938,3.059311906409208,11.0,4.0,4.0
939.0,38,32.0,1940.9,58.92,Cancelado,Refrigerada,Pucón,Cauquenes,374.6,15.0,Urbana,2710.0,Camioneta,5000.0,78.9,2022.0,En Mantención,235075.0,10.0,0.38818,0.7467680608365018,7.234383342231713,11.0,5.0,4.0
940.0,79,22.0,12831.2,3.88,Entregado,Perecible,Villarrica,Puente Alto,1499.0,3.7,Autopista,10474.0,Van,10000.0,47.8,2020.0,Operativo,386924.0,9.0,1.28312,0.0811715481171548,6.987324883255504,11.0,6.0,4.0
942.0,33,60.0,13337.5,48.86,Entregado,Refrigerada,Las Condes,Osorno,1414.7,13.7,Urbana,10742.0,Furgón,10000.0,15.6,2018.0,Operativo,235075.0,10.0,1.33375,3.132051282051282,7.593129285360853,11.0,0.0,4.0
944.0,29,23.0,813.9,58.41,En Tránsito,Perecible,Ovalle,Pucón,948.5,20.2,Ruta Nacional,609.0,Camión,1000.0,62.1,2024.0,Operativo,397688.0,9.0,0.8139,0.9405797101449276,0.6420664206642066,11.0,2.0,4.0
945.0,57,13.0,7519.5,17.35,En Tránsito,Peligrosa,Villarrica,La Serena,1114.8,12.2,Autopista,2453.0,Furgón,5000.0,38.1,2018.0,Operativo,235075.0,10.0,1.105755,0.8255102040816326,2.200394689630427,11.0,2.0,4.0
946.0,5,28.0,5630.7,53.37,Entregado,General,Cauquenes,San Fernando,914.3,22.9,Camino Rural,5128.0,Semi-Remolque,5000.0,5.9,2021.0,Operativo,32072.0,10.0,1.105755,9.045762711864406,5.608662364650552,11.0,3.0,4.0
948.0,13,11.0,11905.9,45.48,Retrasado,Refrigerada,San Fernando,Santiago,762.6,19.0,Autopista,7901.0,Van,20000.0,5.3,2017.0,Operativo,476196.0,9.0,0.595295,8.581132075471698,10.360608444794124,11.0,5.0,4.0
951.0,43,2.0,7468.85,31.97,Cancelado,General,Puente Alto,Temuco,872.6,10.0,Camino Rural,7140.0,Furgón,5000.0,38.7,2019.0,Operativo,179180.0,9.0,1.105755,0.8260981912144701,8.18244327297731,11.0,0.0,4.0
952.0,4,30.0,2025.1,21.47,Cancelado,Refrigerada,Temuco,Santiago,1182.4,9.6,Autopista,3738.0,Camión,1000.0,28.2,2021.0,Fuera De Servicio,235075.0,10.0,2.0251,0.7613475177304965,3.1613667117726654,11.0,0.0,4.0
953.0,56,17.0,12212.9,47.55,Retrasado,Frágil,Quilpué,Puente Alto,572.2,17.1,Camino Rural,9738.0,Furgón,10000.0,31.3,2014.0,Operativo,341278.0,10.0,1.22129,1.5191693290734822,17.018524991261796,11.0,1.0,4.0
954.0,59,40.0,9095.6,45.51,En Tránsito,Peligrosa,Temuco,Santiago,1070.4,3.5,Autopista,2117.0,Camioneta,3000.0,23.5,2019.0,En Mantención,253966.0,10.0,3.0318666666666667,1.936595744680851,1.977765321375187,11.0,2.0,4.0
955.0,9,34.0,14243.6,54.65,Entregado,General,Osorno,Osorno,1555.3,5.1,Ruta Nacional,7202.0,Camioneta,3000.0,14.8,2020.0,Operativo,374404.0,9.0,4.747866666666667,3.692567567567567,6.885564797424202,11.0,3.0,4.0
956.0,3,38.0,5099.5,30.58,En Tránsito,General,Rancagua,Rengo,679.6,18.4,Urbana,2447.0,Camioneta,5000.0,69.7,2015.0,Operativo,37268.0,10.0,1.0199,0.8255102040816326,3.6006474396703942,11.0,3.0,4.0
957.0,48,22.0,7468.85,48.57,Entregado,Peligrosa,Villarrica,Santiago,483.8,7.7,Autopista,9072.0,Van,10000.0,47.8,2020.0,Operativo,386924.0,10.0,1.105755,1.016108786610879,18.75155022736668,11.0,4.0,4.0
958.0,13,5.0,7602.5,56.31,Cancelado,Peligrosa,San Fernando,Santiago,762.6,19.0,Autopista,7901.0,Semi-Remolque,3000.0,42.4,2010.0,Operativo,154526.0,10.0,2.5341666666666667,1.328066037735849,10.360608444794124,11.0,5.0,4.0
959.0,1,48.0,1296.3,47.38,Entregado,General,La Florida,Pucón,420.3,6.3,Camino Rural,13931.0,Furgón,10000.0,36.2,2021.0,Operativo,117009.0,9.0,0.12963,1.3088397790055248,33.14537235308113,12.0,6.0,4.0
960.0,57,40.0,14543.2,7.9,En Tránsito,Peligrosa,Villarrica,La Serena,1114.8,12.2,Autopista,2453.0,Camioneta,3000.0,23.5,2019.0,En Mantención,253966.0,10.0,4.847733333333333,0.3361702127659575,2.200394689630427,12.0,6.0,4.0
963.0,51,13.0,7881.3,37.76,Entregado,Frágil,Puente Alto,Castro,489.3,6.2,Ruta Nacional,941.0,Van,5000.0,22.1,2015.0,Operativo,447261.0,10.0,1.57626,1.708597285067873,1.9231555283057429,12.0,1.0,4.0
964.0,75,26.0,5535.6,37.82,Entregado,Frágil,Coquimbo,Santiago,277.6,12.2,Camino Rural,7813.0,Semi-Remolque,5000.0,24.0,2016.0,Operativo,347864.0,10.0,1.10712,1.5758333333333334,28.144812680115272,12.0,2.0,4.0
965.0,55,31.0,997.0,59.22,Entregado,Perecible,Viña del Mar,Viña del Mar,669.1,3.0,Autopista,13286.0,Camioneta,3000.0,13.8,2013.0,Operativo,230010.0,10.0,0.3323333333333333,4.291304347826086,19.85652368853684,12.0,3.0,4.0
966.0,1,52.0,9336.3,23.94,Entregado,Peligrosa,La Florida,Pucón,420.3,6.3,Camino Rural,13931.0,Semi-Remolque,5000.0,69.4,2013.0,En Mantención,171940.0,9.0,1.86726,0.3449567723342939,33.14537235308113,12.0,4.0,4.0
967.0,28,39.0,8782.5,19.98,Entregado,Frágil,Las Condes,San Antonio,550.1,6.7,Ruta Nacional,10017.0,Furgón,5000.0,38.1,2018.0,Operativo,235075.0,10.0,1.105755,0.8255102040816326,18.209416469732776,12.0,4.0,4.0
968.0,53,48.0,7468.85,37.5,Entregado,Refrigerada,Temuco,Coquimbo,1433.7,5.1,Autopista,7421.0,Furgón,10000.0,36.2,2021.0,Operativo,117009.0,10.0,1.105755,1.0359116022099446,5.17611773732301,12.0,5.0,4.0
970.0,73,48.0,7468.85,56.21,Entregado,Refrigerada,Maipú,Santiago,468.4,5.2,Ruta Nacional,11768.0,Furgón,10000.0,36.2,2021.0,Operativo,117009.0,9.0,1.105755,1.5527624309392265,25.123825789923146,12.0,0.0,4.0
972.0,59,14.0,8161.0,25.66,Devuelto,General,Temuco,Santiago,1070.4,3.5,Autopista,2117.0,Furgón,1000.0,33.5,2016.0,Operativo,151609.0,10.0,8.161,0.7659701492537313,1.977765321375187,12.0,1.0,4.0
973.0,22,56.0,1512.5,38.13,En Tránsito,General,Castro,Talca,919.3,23.7,Urbana,4921.0,Camioneta,10000.0,13.6,2014.0,Operativo,123259.0,10.0,0.15125,2.803676470588236,5.352985967584032,12.0,2.0,4.0
974.0,8,18.0,13983.1,51.39,Entregado,Frágil,Osorno,Quilpué,31.2,10.6,Autopista,14632.0,Furgón,20000.0,38.9,2023.0,En Mantención,243705.0,9.0,0.699155,1.3210796915167096,468.974358974359,12.0,3.0,4.0
976.0,42,28.0,1220.9,13.08,Retrasado,Perecible,La Florida,San Antonio,254.0,12.2,Ruta Nacional,7465.0,Semi-Remolque,5000.0,5.9,2021.0,Operativo,32072.0,10.0,1.105755,2.216949152542373,29.38976377952756,12.0,4.0,4.0
978.0,39,16.0,7468.85,0.11,Entregado,Perecible,Valparaíso,Chillán,883.7,16.7,Urbana,1950.0,Camioneta,1000.0,78.5,2020.0,Fuera De Servicio,115935.0,10.0,1.105755,0.0014012738853503,6.885564797424202,12.0,5.0,4.0
979.0,25,52.0,7709.7,43.12,Retrasado,Perecible,Coquimbo,Concepción,213.5,1.2,Ruta Nacional,6799.0,Semi-Remolque,5000.0,69.4,2013.0,En Mantención,171940.0,10.0,1.54194,0.6213256484149855,31.84543325526932,12.0,6.0,4.0
981.0,24,13.0,841.7,14.71,Cancelado,General,Castro,Chillán,1776.8,12.2,Autopista,10956.0,Van,5000.0,22.1,2015.0,Operativo,447261.0,10.0,0.16834,0.6656108597285068,6.166141377757767,12.0,1.0,4.0
984.0,50,9.0,1207.6,23.94,Retrasado,General,Angol,Los Ángeles,426.6,9.1,Autopista,12235.0,Van,5000.0,39.1,2022.0,Fuera De Servicio,77965.0,10.0,0.2415199999999999,0.6122762148337596,28.68026254102203,12.0,3.0,4.0
985.0,66,26.0,12833.7,40.51,Entregado,Refrigerada,San Fernando,Santiago,883.7,12.2,Autopista,7202.0,Semi-Remolque,5000.0,24.0,2016.0,Operativo,347864.0,9.0,2.56674,1.6879166666666665,6.885564797424202,12.0,4.0,4.0
986.0,13,28.0,1387.5,3.43,Cancelado,Peligrosa,San Fernando,Santiago,762.6,19.0,Autopista,7901.0,Semi-Remolque,5000.0,5.9,2021.0,Operativo,32072.0,10.0,1.105755,0.5813559322033898,10.360608444794124,12.0,4.0,4.0
987.0,53,41.0,12518.5,7.52,Devuelto,Perecible,Temuco,Coquimbo,1433.7,5.1,Autopista,7421.0,Furgón,5000.0,38.8,2014.0,Operativo,33259.0,10.0,1.105755,0.1938144329896907,5.17611773732301,12.0,5.0,4.0
988.0,32,13.0,5418.2,30.0,Entregado,Refrigerada,Rancagua,Temuco,234.5,13.8,Urbana,12045.0,Van,5000.0,22.1,2015.0,Operativo,447261.0,10.0,1.08364,1.357466063348416,51.36460554371002,12.0,6.0,4.0
989.0,48,36.0,7468.85,20.28,Cancelado,Perecible,Villarrica,Santiago,483.8,7.7,Autopista,9072.0,Camioneta,5000.0,49.1,2023.0,Operativo,138259.0,10.0,1.105755,0.4130346232179226,18.75155022736668,12.0,6.0,4.0
990.0,39,9.0,2301.8,17.82,Entregado,Frágil,Valparaíso,Chillán,883.7,16.7,Urbana,1950.0,Van,5000.0,39.1,2022.0,Fuera De Servicio,77965.0,10.0,0.46036,0.4557544757033248,6.885564797424202,12.0,0.0,4.0
992.0,42,14.0,3246.9,53.75,Entregado,General,La Florida,San Antonio,254.0,12.2,Ruta Nacional,7465.0,Furgón,1000.0,33.5,2016.0,Operativo,151609.0,10.0,3.2469,1.6044776119402986,29.38976377952756,12.0,2.0,4.0
994.0,76,12.0,4693.0,7.38,Entregado,Frágil,Ovalle,La Serena,647.2,21.9,Ruta Nacional,12546.0,Furgón,20000.0,23.1,2010.0,Operativo,282654.0,10.0,0.23465,0.3194805194805195,19.385043263288008,12.0,3.0,4.0
995.0,8,53.0,7720.6,4.0,Entregado,Peligrosa,Osorno,Quilpué,31.2,10.6,Autopista,14632.0,Camioneta,20000.0,13.8,2022.0,Operativo,298453.0,10.0,0.38603,0.2898550724637681,468.974358974359,12.0,4.0,4.0
996.0,79,58.0,7468.85,58.49,Entregado,Perecible,Villarrica,Puente Alto,1499.0,3.7,Autopista,10474.0,Semi-Remolque,1000.0,38.1,2017.0,Operativo,79000.0,10.0,1.105755,1.5351706036745407,6.987324883255504,12.0,5.0,4.0
997.0,26,57.0,11850.1,40.9,Cancelado,Refrigerada,Rancagua,Los Ángeles,1490.8,8.4,Autopista,10265.0,Camión,5000.0,57.1,2016.0,Operativo,110804.0,10.0,2.37002,0.7162872154115586,6.885564797424202,12.0,5.0,4.0
998.0,12,32.0,7468.85,25.11,Cancelado,Frágil,Cauquenes,Los Ángeles,1225.7,3.4,Autopista,4699.0,Camioneta,5000.0,78.9,2022.0,En Mantención,235075.0,10.0,1.105755,0.3182509505703422,3.833727665823611,12.0,6.0,4.0
999.0,43,38.0,9135.3,42.13,Entregado,Refrigerada,Puente Alto,Temuco,872.6,10.0,Camino Rural,7140.0,Camioneta,5000.0,69.7,2015.0,Operativo,37268.0,10.0,1.82706,0.6044476327116213,8.18244327297731,12.0,0.0,4.0
1000.0,51,3.0,7468.85,45.4,Entregado,Frágil,Puente Alto,Castro,489.3,6.2,Ruta Nacional,941.0,Camión,10000.0,69.4,2012.0,En Mantención,478395.0,10.0,1.105755,0.6541786743515849,1.9231555283057429,12.0,1.0,4.0
